crop,soil_type,ndvi,moisture,nitrogen_applied,phosphorus_applied,potassium_applied,area_ha,yield_tons_ha
Wheat,Clay Loam,0.82,15.1,154,48,64,18.7,8.43
Alfalfa,Sandy Loam,0.73,25.7,36,93,108,13.0,5.93
Alfalfa,Silt Loam,0.61,25.3,47,95,106,2.8,5.36
Maize,Clay Loam,0.39,23.4,136,58,79,13.5,6.75
Wheat,Sandy Loam,0.37,34.5,159,40,54,18.4,7.51
Maize,Clay Loam,0.45,20.2,187,74,69,17.5,7.25
Alfalfa,Silt Loam,0.48,38.8,44,95,103,2.4,5.66
Alfalfa,Clay Loam,0.58,29.6,48,69,110,10.1,5.13
Maize,Sandy Loam,0.45,34.8,137,65,60,20.2,7.16
Alfalfa,Clay Loam,0.65,51.7,32,60,105,3.2,6.3
Alfalfa,Clay Loam,0.71,47.4,45,71,90,21.8,6.5
Maize,Silt Loam,0.82,49.8,189,82,100,13.1,9.89
Maize,Sandy Loam,0.7,15.2,127,62,72,11.8,7.44
Maize,Clay Loam,0.48,23.4,196,72,84,15.8,7.28
Cotton,Sandy Loam,0.74,44.4,129,41,117,15.2,6.23
Cotton,Silt Loam,0.69,50.7,137,62,91,20.5,5.83
Maize,Sandy Loam,0.75,44.9,196,78,68,20.3,9.45
Wheat,Clay Loam,0.54,21.0,156,45,52,14.8,7.53
Maize,Clay Loam,0.35,21.7,175,72,76,2.7,7.06
Maize,Clay Loam,0.42,25.6,134,81,72,23.8,6.8
Wheat,Clay Loam,0.65,39.6,134,55,77,14.2,8.85
Cotton,Silt Loam,0.51,37.7,107,62,102,24.6,5.43
Alfalfa,Sandy Loam,0.59,42.1,32,73,106,22.1,5.57
Cotton,Sandy Loam,0.81,33.8,119,58,105,15.1,5.62
Cotton,Sandy Loam,0.43,29.0,112,44,98,19.1,5.07
Maize,Sandy Loam,0.62,34.7,185,54,109,15.0,8.99
Alfalfa,Sandy Loam,0.84,53.3,24,66,109,3.4,5.92
Maize,Silt Loam,0.66,20.0,158,77,98,15.3,8.06
Wheat,Silt Loam,0.65,23.8,146,53,88,13.0,7.65
Maize,Silt Loam,0.76,20.0,143,81,95,21.7,8.2
Maize,Clay Loam,0.81,45.0,192,66,78,23.5,9.79
Alfalfa,Sandy Loam,0.71,52.1,30,90,100,9.7,6.62
Cotton,Sandy Loam,0.63,32.2,99,47,118,24.2,5.3
Wheat,Clay Loam,0.8,41.2,156,68,76,17.5,9.1
Cotton,Sandy Loam,0.8,41.4,132,44,112,9.9,6.22
Maize,Clay Loam,0.85,15.5,191,57,94,8.9,8.87
Alfalfa,Silt Loam,0.84,47.4,24,96,109,12.6,6.19
Wheat,Sandy Loam,0.74,36.1,124,57,57,9.3,9.25
Alfalfa,Silt Loam,0.58,24.7,39,61,124,22.2,5.12
Maize,Sandy Loam,0.41,35.9,126,52,106,16.6,7.35
Wheat,Sandy Loam,0.64,37.3,114,53,63,17.1,8.19
Cotton,Silt Loam,0.4,41.0,121,51,88,9.2,4.83
Alfalfa,Sandy Loam,0.83,31.7,36,95,106,8.1,6.9
Cotton,Clay Loam,0.55,23.5,136,59,102,13.1,5.05
Wheat,Silt Loam,0.51,21.7,118,69,72,8.0,7.45
Maize,Silt Loam,0.68,44.9,140,77,86,23.1,8.73
Maize,Clay Loam,0.69,40.7,132,51,73,2.3,8.17
Cotton,Clay Loam,0.57,19.9,119,63,99,13.2,4.71
Maize,Silt Loam,0.63,16.3,174,54,103,12.8,7.79
Cotton,Sandy Loam,0.61,49.3,107,46,94,11.0,5.63
Wheat,Sandy Loam,0.6,34.6,115,67,65,14.4,7.71
Alfalfa,Clay Loam,0.66,34.0,46,74,90,11.0,5.57
Maize,Sandy Loam,0.58,15.8,196,55,89,7.2,7.55
Cotton,Sandy Loam,0.71,42.2,133,56,86,12.8,6.02
Maize,Silt Loam,0.6,49.0,132,67,80,22.1,8.33
Alfalfa,Clay Loam,0.84,41.7,37,94,129,7.6,6.67
Cotton,Silt Loam,0.51,21.4,100,55,118,6.7,4.83
Cotton,Silt Loam,0.78,42.2,119,52,102,22.6,6.41
Wheat,Sandy Loam,0.6,21.7,114,62,52,18.2,7.81
Cotton,Sandy Loam,0.67,33.9,139,52,80,17.5,5.15
Cotton,Clay Loam,0.52,49.4,95,52,98,12.9,5.24
Wheat,Silt Loam,0.53,25.9,142,43,68,13.6,7.31
Maize,Clay Loam,0.83,21.4,132,51,109,20.1,8.59
Cotton,Sandy Loam,0.81,41.7,119,61,90,7.4,5.86
Alfalfa,Silt Loam,0.49,27.2,32,60,100,13.8,4.19
Maize,Sandy Loam,0.76,39.5,177,54,100,19.9,9.09
Alfalfa,Sandy Loam,0.64,16.9,41,87,137,15.9,4.87
Wheat,Sandy Loam,0.76,19.4,104,45,72,4.5,7.72
Cotton,Sandy Loam,0.68,17.4,100,52,91,17.1,5.19
Alfalfa,Clay Loam,0.53,16.8,30,83,92,21.4,4.82
Maize,Sandy Loam,0.39,43.5,170,80,72,2.1,7.9
Alfalfa,Sandy Loam,0.63,18.2,32,73,103,20.2,5.07
Cotton,Clay Loam,0.74,54.0,90,64,94,3.4,5.69
Cotton,Sandy Loam,0.53,28.3,133,54,104,2.9,5.07
Maize,Sandy Loam,0.56,29.0,157,79,100,21.8,8.19
Cotton,Clay Loam,0.57,34.5,103,41,83,23.3,4.84
Wheat,Silt Loam,0.49,45.6,124,42,54,12.8,7.87
Maize,Sandy Loam,0.67,50.2,154,82,92,22.4,9.5
Maize,Sandy Loam,0.57,28.8,135,70,87,9.8,7.7
Alfalfa,Silt Loam,0.42,38.7,21,88,93,16.6,5.35
Maize,Silt Loam,0.74,46.5,162,70,74,18.3,9.4
Wheat,Clay Loam,0.78,50.7,108,60,67,22.4,8.81
Wheat,Sandy Loam,0.72,35.2,123,63,81,16.9,8.19
Wheat,Sandy Loam,0.55,47.7,142,57,89,15.1,8.71
Alfalfa,Clay Loam,0.75,46.4,39,63,113,7.5,6.1
Cotton,Sandy Loam,0.43,40.7,128,45,114,14.3,4.84
Cotton,Sandy Loam,0.51,46.2,132,46,83,21.3,5.17
Wheat,Clay Loam,0.69,54.6,155,63,88,17.2,8.96
Maize,Silt Loam,0.42,47.9,178,81,65,23.4,7.94
Cotton,Sandy Loam,0.59,54.8,112,58,118,18.8,6.4
Wheat,Sandy Loam,0.76,33.4,128,45,58,7.8,8.42
Wheat,Clay Loam,0.36,35.8,155,54,89,18.0,6.74
Wheat,Silt Loam,0.38,32.4,145,63,68,16.3,7.31
Maize,Clay Loam,0.51,34.9,138,82,66,24.0,7.34
Wheat,Silt Loam,0.47,17.0,157,47,61,21.5,6.94
Maize,Silt Loam,0.35,24.4,198,83,104,5.2,7.24
Maize,Silt Loam,0.37,16.5,176,72,106,2.6,6.78
Wheat,Sandy Loam,0.61,43.5,154,64,75,8.3,8.72
Wheat,Silt Loam,0.7,46.2,104,63,58,9.6,8.82
Maize,Silt Loam,0.69,49.9,183,79,77,11.9,9.37
Alfalfa,Silt Loam,0.57,43.6,25,80,127,22.0,5.62
Wheat,Sandy Loam,0.56,28.2,156,62,86,4.1,8.15
Cotton,Sandy Loam,0.76,17.7,98,40,82,5.9,5.32
Wheat,Sandy Loam,0.46,30.3,118,69,72,14.5,7.81
Alfalfa,Silt Loam,0.72,35.4,21,92,117,4.4,5.6
Cotton,Silt Loam,0.45,52.6,130,48,88,14.0,5.49
Alfalfa,Silt Loam,0.55,27.4,45,73,127,7.8,4.98
Cotton,Sandy Loam,0.57,41.1,95,59,110,21.7,5.35
Wheat,Silt Loam,0.8,15.4,136,49,66,17.6,8.21
Alfalfa,Silt Loam,0.59,37.5,45,68,95,15.7,5.27
Wheat,Silt Loam,0.52,22.4,157,43,57,17.6,7.44
Maize,Clay Loam,0.81,31.2,197,63,107,6.8,8.95
Alfalfa,Clay Loam,0.8,25.3,24,87,113,23.4,5.95
Maize,Silt Loam,0.4,37.9,126,66,81,2.5,7.28
Maize,Sandy Loam,0.45,36.0,198,65,64,14.8,8.0
Wheat,Clay Loam,0.82,43.7,142,40,78,19.6,9.27
Wheat,Clay Loam,0.82,23.6,140,51,68,3.7,8.82
Alfalfa,Sandy Loam,0.53,27.7,47,96,136,22.6,5.37
Cotton,Silt Loam,0.62,32.8,115,49,96,15.0,5.21
Wheat,Silt Loam,0.42,15.1,108,61,72,7.6,7.06
Alfalfa,Clay Loam,0.46,23.2,30,99,96,6.2,5.54
Cotton,Silt Loam,0.83,38.9,102,46,119,2.3,6.03
Maize,Clay Loam,0.57,26.9,164,67,83,12.5,8.31
Maize,Sandy Loam,0.83,22.7,175,61,91,22.3,8.77
Cotton,Silt Loam,0.71,29.8,139,42,80,6.2,5.19
Maize,Clay Loam,0.77,28.1,199,76,100,18.7,8.8
Maize,Sandy Loam,0.73,53.9,197,74,95,2.9,9.08
Maize,Sandy Loam,0.51,18.8,129,73,93,24.9,7.25
Wheat,Silt Loam,0.58,22.1,108,55,54,16.6,7.25
Maize,Clay Loam,0.78,34.3,171,66,96,20.0,9.28
Wheat,Sandy Loam,0.66,16.8,155,68,89,19.3,8.2
Alfalfa,Clay Loam,0.61,25.5,29,69,118,18.6,5.25
Cotton,Clay Loam,0.73,16.2,108,60,100,8.5,5.05
Wheat,Clay Loam,0.7,24.1,106,56,50,20.3,7.97
Wheat,Clay Loam,0.82,24.0,147,61,54,25.0,8.38
Maize,Sandy Loam,0.68,47.3,163,80,93,5.8,9.19
Cotton,Clay Loam,0.81,43.3,131,53,88,18.6,6.22
Wheat,Clay Loam,0.7,41.9,157,69,88,6.5,8.51
Cotton,Sandy Loam,0.7,40.8,121,55,90,11.4,5.55
Cotton,Sandy Loam,0.62,46.1,114,42,114,9.4,5.68
Maize,Clay Loam,0.7,38.1,191,69,101,22.5,8.75
Cotton,Sandy Loam,0.76,41.2,130,52,117,13.7,6.04
Wheat,Silt Loam,0.46,19.9,152,57,65,10.4,7.38
Maize,Sandy Loam,0.68,34.0,120,81,108,21.7,8.09
Alfalfa,Clay Loam,0.41,49.2,37,61,136,15.5,5.15
Wheat,Sandy Loam,0.66,46.7,110,44,81,8.5,8.22
Cotton,Silt Loam,0.63,31.5,101,64,96,12.6,5.55
Maize,Silt Loam,0.45,40.8,169,67,75,21.5,7.99
Alfalfa,Clay Loam,0.85,44.8,22,78,134,19.0,6.23
Cotton,Clay Loam,0.54,18.2,105,59,103,10.9,4.72
Alfalfa,Silt Loam,0.38,26.4,49,89,123,20.8,4.72
Cotton,Clay Loam,0.5,34.8,96,64,98,5.0,5.29
Cotton,Silt Loam,0.64,46.6,127,43,84,17.1,5.69
Wheat,Clay Loam,0.43,22.2,159,47,74,12.0,7.01
Alfalfa,Sandy Loam,0.78,18.1,26,73,104,4.4,5.72
Maize,Silt Loam,0.36,45.0,154,72,101,6.9,8.13
Wheat,Sandy Loam,0.47,25.2,102,47,89,2.7,7.0
Alfalfa,Sandy Loam,0.8,22.9,32,68,100,2.6,6.04
Alfalfa,Sandy Loam,0.81,53.0,46,94,104,21.0,6.84
Cotton,Clay Loam,0.79,49.4,99,49,113,11.3,5.89
Cotton,Sandy Loam,0.51,35.9,100,57,117,13.2,4.99
Alfalfa,Clay Loam,0.82,24.9,45,95,117,17.4,6.25
Maize,Sandy Loam,0.48,45.4,195,79,90,14.9,8.49
Alfalfa,Clay Loam,0.44,38.9,27,74,126,21.2,5.44
Alfalfa,Silt Loam,0.63,36.3,29,78,120,5.2,5.37
Alfalfa,Silt Loam,0.69,54.7,45,88,111,4.1,6.43
Maize,Clay Loam,0.48,50.0,148,81,69,23.3,8.29
Wheat,Silt Loam,0.58,37.7,156,40,55,5.4,8.05
Alfalfa,Silt Loam,0.59,22.6,45,71,111,2.4,5.05
Maize,Silt Loam,0.83,50.5,180,83,98,8.0,9.82
Wheat,Clay Loam,0.37,30.5,107,40,67,11.3,7.02
Wheat,Sandy Loam,0.42,38.8,132,62,89,12.3,8.09
Wheat,Sandy Loam,0.71,45.2,137,68,71,4.0,8.86
Maize,Clay Loam,0.39,27.0,151,70,63,7.2,7.08
Cotton,Silt Loam,0.83,32.7,123,43,98,20.3,5.63
Alfalfa,Silt Loam,0.85,28.2,28,82,125,10.8,6.0
Wheat,Silt Loam,0.63,33.0,144,46,61,16.9,8.23
Alfalfa,Silt Loam,0.51,43.0,49,63,103,21.0,5.21
Cotton,Sandy Loam,0.53,53.8,118,42,90,9.3,5.09
Wheat,Silt Loam,0.45,16.2,156,51,62,12.0,7.3
Cotton,Clay Loam,0.61,45.2,125,60,91,12.1,5.89
Wheat,Silt Loam,0.71,48.4,157,53,55,11.2,8.5
Wheat,Sandy Loam,0.78,44.7,105,45,69,23.8,8.28
Maize,Sandy Loam,0.74,19.9,149,63,96,4.7,8.3
Alfalfa,Clay Loam,0.58,28.9,26,80,105,21.8,4.96
Maize,Silt Loam,0.77,27.4,148,53,108,23.7,9.04
Cotton,Silt Loam,0.51,48.4,129,45,101,19.5,5.11
Alfalfa,Silt Loam,0.39,48.7,42,71,99,18.5,5.31
Maize,Sandy Loam,0.65,29.9,135,58,106,8.4,7.76
Cotton,Clay Loam,0.63,30.3,108,54,109,9.5,5.19
Maize,Sandy Loam,0.69,44.8,167,53,96,21.2,8.91
Alfalfa,Clay Loam,0.51,34.5,39,87,102,23.6,5.5
Wheat,Sandy Loam,0.73,54.5,105,66,74,2.2,8.59
Wheat,Clay Loam,0.38,32.1,102,56,75,23.4,7.14
Alfalfa,Sandy Loam,0.7,25.8,27,78,127,8.8,5.47
Maize,Silt Loam,0.65,19.4,186,80,70,16.4,7.71
Maize,Sandy Loam,0.69,15.8,128,77,78,13.5,7.29
Maize,Silt Loam,0.83,28.9,157,60,106,10.0,9.4
Wheat,Clay Loam,0.64,15.0,120,40,74,22.7,7.98
Wheat,Sandy Loam,0.49,27.1,154,69,64,16.1,7.53
Cotton,Silt Loam,0.45,28.0,137,46,92,16.6,4.69
Cotton,Silt Loam,0.42,27.0,104,42,86,8.5,4.27
Maize,Sandy Loam,0.48,24.8,157,81,85,24.2,7.65
Maize,Silt Loam,0.66,24.0,185,67,82,22.8,8.15
Wheat,Silt Loam,0.58,20.3,100,41,53,17.3,7.56
Maize,Clay Loam,0.83,20.7,140,72,91,18.3,8.91
Cotton,Silt Loam,0.5,17.3,130,57,114,5.3,4.44
Wheat,Silt Loam,0.82,39.1,136,48,83,15.3,9.66
Maize,Silt Loam,0.57,19.6,165,84,60,21.2,7.68
Maize,Sandy Loam,0.51,22.1,146,65,69,21.8,7.53
Cotton,Sandy Loam,0.71,47.0,116,42,91,13.4,5.76
Maize,Clay Loam,0.55,15.2,170,76,67,8.3,7.52
Cotton,Silt Loam,0.41,51.9,119,62,97,19.3,5.3
Wheat,Clay Loam,0.42,23.8,109,49,86,15.3,6.8
Maize,Clay Loam,0.45,50.3,163,51,61,18.3,8.13
Maize,Silt Loam,0.71,29.0,150,80,61,9.2,8.2
Alfalfa,Clay Loam,0.43,41.1,41,82,112,16.1,5.46
Cotton,Clay Loam,0.62,20.9,107,48,85,12.4,5.07
Alfalfa,Silt Loam,0.65,22.7,26,79,99,15.4,5.31
Cotton,Sandy Loam,0.4,31.6,96,48,114,9.0,4.6
Maize,Clay Loam,0.48,45.5,178,55,61,7.9,8.35
Wheat,Silt Loam,0.35,34.0,119,48,72,6.4,6.99
Wheat,Sandy Loam,0.83,40.4,133,55,69,22.4,9.08
Alfalfa,Silt Loam,0.67,37.2,26,84,92,18.2,5.68
Alfalfa,Clay Loam,0.76,25.7,28,96,129,8.4,5.66
Cotton,Sandy Loam,0.58,37.4,128,64,111,5.3,5.79
Wheat,Sandy Loam,0.82,42.3,109,55,55,8.0,9.25
Cotton,Clay Loam,0.84,46.3,106,54,115,15.2,6.24
Cotton,Silt Loam,0.63,38.1,124,41,106,5.8,5.88
Wheat,Sandy Loam,0.82,26.7,147,50,59,11.6,8.64
Wheat,Sandy Loam,0.38,30.9,120,40,64,8.2,7.34
Cotton,Sandy Loam,0.79,21.4,128,62,81,9.8,4.69
Maize,Sandy Loam,0.53,30.9,186,56,95,6.0,8.38
Cotton,Silt Loam,0.38,37.8,129,50,94,19.4,4.6
Cotton,Clay Loam,0.45,18.8,134,41,111,4.7,4.41
Cotton,Sandy Loam,0.62,44.7,114,43,86,9.8,5.19
Maize,Sandy Loam,0.59,33.0,199,54,78,11.7,8.68
Wheat,Clay Loam,0.58,45.4,136,57,69,14.1,8.53
Cotton,Silt Loam,0.52,28.5,120,61,85,4.8,4.61
Alfalfa,Clay Loam,0.6,19.0,45,90,96,19.4,5.47
Wheat,Silt Loam,0.49,46.3,156,68,63,5.5,8.4
Maize,Silt Loam,0.53,44.6,171,63,95,13.7,7.48
Alfalfa,Clay Loam,0.83,27.8,24,63,100,13.0,5.53
Alfalfa,Sandy Loam,0.68,30.4,30,93,116,21.2,5.83
Wheat,Silt Loam,0.67,52.5,129,60,84,5.0,8.8
Wheat,Sandy Loam,0.83,16.0,153,69,81,20.1,8.65
Alfalfa,Silt Loam,0.63,26.0,45,98,135,3.5,5.09
Cotton,Sandy Loam,0.49,18.1,95,40,91,5.3,4.41
Wheat,Sandy Loam,0.73,48.4,107,61,89,4.8,9.04
Cotton,Sandy Loam,0.4,29.1,139,64,89,11.3,4.4
Alfalfa,Sandy Loam,0.6,53.0,40,88,120,19.5,6.07
Wheat,Silt Loam,0.54,36.5,157,48,75,22.5,7.67
Maize,Silt Loam,0.7,53.0,133,62,100,3.8,8.61
Maize,Silt Loam,0.41,38.1,185,83,85,10.4,7.27
Alfalfa,Clay Loam,0.72,26.3,25,84,98,20.7,6.03
Wheat,Clay Loam,0.64,45.9,108,62,88,23.3,7.92
Wheat,Silt Loam,0.41,22.2,120,51,84,24.3,6.88
Alfalfa,Silt Loam,0.42,40.4,37,82,122,23.8,5.22
Maize,Sandy Loam,0.78,19.7,194,62,92,17.9,8.39
Wheat,Clay Loam,0.73,21.6,127,42,69,19.3,8.46
Maize,Sandy Loam,0.84,22.7,120,55,70,20.9,8.04
Wheat,Clay Loam,0.59,33.0,117,59,78,18.3,8.11
Wheat,Clay Loam,0.5,27.9,100,45,68,12.1,7.61
Wheat,Silt Loam,0.82,49.7,146,45,51,9.7,9.17
Wheat,Clay Loam,0.39,47.7,107,46,74,22.0,7.06
Cotton,Silt Loam,0.36,15.9,104,49,113,2.2,4.46
Cotton,Silt Loam,0.84,27.2,137,60,105,4.9,5.41
Wheat,Clay Loam,0.84,43.2,136,63,82,18.4,9.1
Cotton,Sandy Loam,0.67,47.7,103,58,86,2.1,5.38
Cotton,Silt Loam,0.38,41.9,106,56,107,24.9,5.58
Maize,Silt Loam,0.68,50.8,148,68,86,15.3,9.03
Maize,Clay Loam,0.63,23.9,180,76,95,19.4,8.05
Cotton,Silt Loam,0.44,47.2,129,46,118,5.0,5.38
Maize,Sandy Loam,0.58,55.0,145,56,66,21.3,8.87
Wheat,Clay Loam,0.77,25.4,109,56,87,4.2,8.52
Alfalfa,Silt Loam,0.8,47.6,27,90,137,9.2,5.92
Alfalfa,Clay Loam,0.73,37.5,27,73,117,4.8,5.72
Wheat,Clay Loam,0.76,43.3,132,63,73,13.0,9.21
Alfalfa,Silt Loam,0.71,43.1,35,62,138,18.5,6.13
Wheat,Silt Loam,0.82,47.1,116,41,66,11.8,8.67
Cotton,Sandy Loam,0.7,15.2,135,48,102,12.8,5.51
Alfalfa,Clay Loam,0.53,32.8,28,76,110,3.5,5.04
Cotton,Clay Loam,0.38,50.8,115,50,103,17.9,5.33
Wheat,Sandy Loam,0.7,45.3,121,54,86,19.9,9.19
Cotton,Sandy Loam,0.56,49.3,126,55,97,18.6,5.66
Alfalfa,Clay Loam,0.4,54.2,29,73,136,8.8,5.47
Cotton,Silt Loam,0.47,42.6,113,46,92,15.0,4.81
Cotton,Sandy Loam,0.56,18.7,111,51,111,13.1,4.73
Alfalfa,Clay Loam,0.48,45.1,28,99,102,10.5,5.5
Maize,Sandy Loam,0.69,15.8,172,83,62,4.7,8.12
Cotton,Sandy Loam,0.69,53.2,91,51,106,13.8,6.08
Wheat,Silt Loam,0.62,33.1,147,63,59,22.2,8.21
Wheat,Clay Loam,0.69,49.9,150,50,66,10.6,8.78
Wheat,Clay Loam,0.75,41.5,130,59,76,5.5,9.21
Cotton,Sandy Loam,0.55,38.6,94,48,86,8.3,5.35
Maize,Clay Loam,0.55,16.2,183,79,81,24.3,7.72
Wheat,Sandy Loam,0.8,42.2,125,42,89,18.6,8.98
Maize,Clay Loam,0.75,19.6,181,64,85,23.3,8.72
Maize,Clay Loam,0.48,23.2,164,51,73,8.1,7.92
Cotton,Silt Loam,0.75,26.9,103,41,111,13.7,5.31
Alfalfa,Silt Loam,0.7,25.1,43,60,133,24.0,5.59
Cotton,Silt Loam,0.47,49.0,91,46,113,14.8,5.53
Cotton,Clay Loam,0.58,46.7,135,50,115,2.6,5.64
Cotton,Sandy Loam,0.61,51.0,135,62,90,18.7,5.62
Cotton,Clay Loam,0.46,15.7,111,44,114,15.2,5.01
Alfalfa,Clay Loam,0.56,28.3,25,66,122,24.5,5.36
Maize,Sandy Loam,0.38,31.7,128,84,82,7.7,6.79
Maize,Clay Loam,0.69,16.3,136,73,61,15.5,7.82
Alfalfa,Clay Loam,0.38,17.8,40,68,127,12.1,4.21
Alfalfa,Silt Loam,0.66,22.5,29,76,125,6.1,5.26
Maize,Silt Loam,0.53,19.7,133,57,61,2.7,7.34
Cotton,Sandy Loam,0.5,32.1,109,61,115,6.3,5.0
Alfalfa,Sandy Loam,0.76,54.8,43,67,116,3.8,6.63
Cotton,Sandy Loam,0.5,47.9,128,63,97,5.5,5.32
Alfalfa,Sandy Loam,0.64,38.1,49,93,111,6.8,5.67
Cotton,Clay Loam,0.41,28.9,99,52,80,19.5,4.21
Maize,Silt Loam,0.4,38.5,177,70,80,12.4,8.27
Maize,Clay Loam,0.74,44.5,140,56,66,17.9,8.91
Alfalfa,Silt Loam,0.75,23.6,21,66,136,9.5,5.25
Maize,Sandy Loam,0.66,36.9,180,62,75,7.3,8.68
Cotton,Sandy Loam,0.73,37.1,127,46,105,10.3,5.65
Maize,Silt Loam,0.61,47.4,172,52,78,14.7,8.59
Wheat,Clay Loam,0.67,47.8,104,46,55,3.4,8.37
Cotton,Sandy Loam,0.81,48.9,134,50,87,13.0,6.24
Cotton,Clay Loam,0.44,41.3,106,62,102,24.4,5.14
Cotton,Silt Loam,0.47,39.7,92,58,88,13.7,5.2
Maize,Clay Loam,0.41,15.2,176,64,84,17.6,6.78
Cotton,Silt Loam,0.54,33.6,129,56,104,12.7,5.13
Maize,Clay Loam,0.66,54.1,173,74,88,4.6,9.37
Maize,Sandy Loam,0.61,45.5,126,65,73,2.9,8.12
Cotton,Clay Loam,0.42,50.2,90,46,80,13.7,4.78
Wheat,Clay Loam,0.35,42.7,153,53,53,9.4,7.63
Alfalfa,Silt Loam,0.76,54.3,29,94,118,11.5,6.56
Maize,Silt Loam,0.66,19.8,128,70,90,23.3,7.55
Cotton,Silt Loam,0.51,30.6,113,48,90,19.0,4.9
Maize,Silt Loam,0.71,40.8,123,59,65,24.7,8.54
Wheat,Sandy Loam,0.39,15.5,157,68,81,11.8,6.57
Maize,Silt Loam,0.6,39.0,188,73,86,4.2,8.46
Cotton,Sandy Loam,0.52,40.0,123,59,111,22.9,5.49
Cotton,Sandy Loam,0.69,29.0,126,55,94,9.2,5.09
Wheat,Silt Loam,0.55,33.4,117,64,57,22.9,7.49
Cotton,Sandy Loam,0.64,43.0,118,62,112,17.1,5.84
Cotton,Silt Loam,0.79,53.3,117,40,118,9.9,6.24
Wheat,Clay Loam,0.52,48.8,158,57,82,23.7,8.35
Cotton,Silt Loam,0.74,17.6,100,40,98,6.5,4.94
Alfalfa,Silt Loam,0.46,47.4,28,67,115,19.8,5.01
Maize,Silt Loam,0.52,40.3,191,64,93,3.2,8.11
Wheat,Silt Loam,0.77,17.0,120,43,65,11.1,8.54
Wheat,Silt Loam,0.78,49.6,120,55,88,17.9,8.96
Alfalfa,Sandy Loam,0.63,33.1,20,87,125,2.4,5.72
Cotton,Clay Loam,0.69,52.6,101,48,86,17.3,6.22
Cotton,Clay Loam,0.35,25.4,106,42,80,14.4,3.76
Alfalfa,Sandy Loam,0.62,22.6,29,64,108,6.3,5.31
Cotton,Sandy Loam,0.84,20.7,132,41,112,4.3,5.69
Wheat,Sandy Loam,0.53,54.1,124,63,78,12.0,8.46
Maize,Clay Loam,0.63,35.7,143,73,66,21.8,7.9
Maize,Clay Loam,0.79,37.5,166,64,103,7.8,9.14
Maize,Clay Loam,0.77,39.6,150,65,100,23.0,9.03
Maize,Clay Loam,0.76,16.7,139,51,95,11.7,8.01
Cotton,Sandy Loam,0.39,44.2,118,54,106,22.0,5.33
Wheat,Silt Loam,0.85,46.1,105,65,50,8.8,8.97
Cotton,Silt Loam,0.7,42.2,107,48,98,8.7,5.47
Maize,Clay Loam,0.46,30.0,134,64,109,8.3,6.82
Maize,Silt Loam,0.46,30.7,176,54,61,3.5,7.34
Alfalfa,Sandy Loam,0.52,20.4,37,84,109,3.7,5.29
Alfalfa,Silt Loam,0.75,15.7,21,75,119,6.3,5.55
Alfalfa,Silt Loam,0.83,23.1,43,89,126,21.9,6.02
Alfalfa,Silt Loam,0.57,33.7,42,63,122,24.7,4.91
Maize,Clay Loam,0.77,40.9,137,80,89,11.3,8.68
Wheat,Clay Loam,0.68,17.1,112,43,70,9.2,7.63
Wheat,Clay Loam,0.62,49.0,144,62,54,3.1,8.95
Maize,Sandy Loam,0.56,47.0,132,73,90,9.0,8.51
Cotton,Silt Loam,0.59,20.4,109,54,105,8.7,5.41
Wheat,Clay Loam,0.79,38.4,122,60,50,19.9,8.94
Alfalfa,Silt Loam,0.54,46.2,24,74,127,18.7,5.58
Alfalfa,Silt Loam,0.43,29.8,43,78,115,4.3,4.94
Wheat,Silt Loam,0.75,51.6,151,61,52,19.4,9.12
Maize,Silt Loam,0.82,43.7,161,80,85,22.3,9.59
Maize,Sandy Loam,0.6,26.0,199,82,62,12.9,7.46
Maize,Clay Loam,0.58,39.1,133,71,86,22.6,7.84
Alfalfa,Silt Loam,0.37,25.4,29,88,129,8.4,4.86
Cotton,Sandy Loam,0.78,52.6,131,43,88,6.6,5.87
Maize,Clay Loam,0.65,18.2,132,69,95,8.6,7.67
Cotton,Silt Loam,0.71,37.7,93,47,111,24.5,5.67
Wheat,Sandy Loam,0.52,31.4,117,52,89,5.8,7.5
Alfalfa,Clay Loam,0.58,26.6,38,84,134,7.4,5.37
Alfalfa,Sandy Loam,0.47,31.1,26,67,121,18.5,5.13
Maize,Clay Loam,0.78,21.4,150,83,97,13.1,8.63
Wheat,Clay Loam,0.78,41.4,155,53,57,18.6,8.73
Wheat,Silt Loam,0.72,30.9,146,56,53,6.8,8.74
Maize,Silt Loam,0.44,42.3,128,83,95,11.8,7.15
Cotton,Sandy Loam,0.49,44.3,131,47,112,4.5,5.5
Maize,Sandy Loam,0.42,50.1,178,77,105,6.2,7.77
Alfalfa,Sandy Loam,0.57,18.7,46,88,138,23.1,4.95
Cotton,Silt Loam,0.39,48.5,94,43,110,16.1,5.33
Maize,Silt Loam,0.55,37.4,138,51,61,17.8,8.22
Alfalfa,Clay Loam,0.81,44.9,25,92,138,17.3,6.48
Cotton,Sandy Loam,0.51,15.8,114,54,112,4.5,4.76
Cotton,Silt Loam,0.38,41.3,103,47,113,21.3,4.83
Alfalfa,Clay Loam,0.56,39.5,43,78,101,19.5,5.42
Cotton,Clay Loam,0.5,21.5,106,42,108,20.9,4.63
Wheat,Sandy Loam,0.45,44.3,154,60,75,16.1,8.1
Maize,Silt Loam,0.66,15.0,120,64,76,2.4,6.76
Maize,Clay Loam,0.44,46.7,196,50,72,24.0,7.91
Alfalfa,Silt Loam,0.69,32.4,27,76,134,14.9,5.89
Maize,Silt Loam,0.65,50.8,146,72,90,4.5,9.15
Cotton,Clay Loam,0.6,54.8,135,54,85,6.1,5.43
Alfalfa,Clay Loam,0.5,49.2,33,81,139,25.0,5.64
Cotton,Sandy Loam,0.65,19.0,108,61,110,23.8,5.45
Cotton,Silt Loam,0.69,53.4,99,56,94,12.5,5.48
Alfalfa,Clay Loam,0.84,46.5,40,60,96,14.5,5.87
Alfalfa,Silt Loam,0.79,36.1,25,74,96,9.7,6.06
Alfalfa,Sandy Loam,0.58,23.7,43,85,116,9.7,5.67
Wheat,Clay Loam,0.44,38.4,145,66,58,17.3,7.74
Wheat,Clay Loam,0.44,53.6,152,40,69,14.1,8.15
Maize,Sandy Loam,0.78,46.8,136,59,68,24.1,9.68
Alfalfa,Sandy Loam,0.83,46.3,29,87,127,17.2,5.88
Cotton,Sandy Loam,0.79,30.8,110,44,94,9.7,5.47
Alfalfa,Sandy Loam,0.37,48.9,24,84,131,21.9,5.44
Maize,Clay Loam,0.64,26.7,192,75,94,11.3,8.42
Alfalfa,Silt Loam,0.66,17.2,34,64,103,13.6,5.03
Cotton,Sandy Loam,0.57,35.8,113,56,104,16.5,5.35
Maize,Silt Loam,0.62,28.5,175,54,103,17.1,8.18
Cotton,Clay Loam,0.69,15.7,104,51,113,19.4,4.89
Cotton,Clay Loam,0.79,18.4,127,60,86,12.2,5.09
Wheat,Silt Loam,0.35,16.1,117,59,51,20.9,6.93
Alfalfa,Silt Loam,0.56,44.2,34,60,130,16.4,5.35
Wheat,Silt Loam,0.5,51.8,122,61,89,5.9,8.16
Maize,Clay Loam,0.39,29.2,176,64,103,22.7,7.43
Maize,Sandy Loam,0.41,51.8,138,73,101,23.5,8.18
Cotton,Clay Loam,0.59,37.9,92,59,99,16.2,5.42
Wheat,Silt Loam,0.72,22.2,156,53,68,24.1,7.97
Alfalfa,Sandy Loam,0.56,54.1,29,77,132,15.4,6.38
Alfalfa,Sandy Loam,0.57,25.2,42,60,99,22.3,5.2
Wheat,Clay Loam,0.59,27.0,106,56,84,9.4,7.03
Cotton,Silt Loam,0.76,32.1,119,47,119,16.7,6.21
Wheat,Silt Loam,0.44,48.4,145,60,75,5.5,7.95
Alfalfa,Sandy Loam,0.42,29.8,47,98,125,18.2,5.34
Wheat,Clay Loam,0.56,21.6,123,48,75,5.5,7.87
Maize,Silt Loam,0.54,35.3,177,80,106,8.2,8.03
Maize,Sandy Loam,0.68,48.6,195,68,85,23.7,9.62
Cotton,Clay Loam,0.35,28.7,95,56,102,24.3,4.48
Cotton,Sandy Loam,0.53,21.8,134,63,81,4.4,4.44
Cotton,Sandy Loam,0.5,23.0,121,49,80,19.8,4.01
Alfalfa,Sandy Loam,0.8,53.8,20,73,118,6.0,6.34
Wheat,Sandy Loam,0.61,28.2,139,62,84,14.5,8.04
Alfalfa,Silt Loam,0.42,42.7,34,76,128,23.0,5.25
Cotton,Silt Loam,0.81,48.9,97,41,81,10.7,6.0
Wheat,Silt Loam,0.71,42.1,118,50,57,10.1,8.38
Alfalfa,Sandy Loam,0.61,21.4,35,83,104,10.6,5.21
Alfalfa,Clay Loam,0.57,18.3,46,65,95,4.3,5.45
Alfalfa,Silt Loam,0.4,27.8,45,90,91,3.2,5.17
Cotton,Sandy Loam,0.7,36.3,113,64,108,12.0,5.88
Alfalfa,Silt Loam,0.5,33.8,41,68,138,4.1,5.29
Cotton,Sandy Loam,0.81,28.4,138,42,107,3.5,5.61
Cotton,Silt Loam,0.63,37.3,104,41,96,21.5,5.67
Alfalfa,Silt Loam,0.44,15.2,25,60,96,13.7,4.58
Cotton,Sandy Loam,0.77,20.9,115,64,88,21.7,5.21
Wheat,Sandy Loam,0.37,33.5,118,45,51,9.2,7.39
Wheat,Sandy Loam,0.74,50.9,118,40,53,12.1,9.16
Cotton,Silt Loam,0.48,27.4,123,49,81,21.6,4.37
Maize,Clay Loam,0.49,30.4,168,58,78,18.9,8.02
Maize,Sandy Loam,0.52,30.9,173,65,76,9.8,8.01
Cotton,Silt Loam,0.52,26.7,101,54,107,6.9,4.49
Alfalfa,Sandy Loam,0.82,20.1,33,78,97,2.8,5.64
Maize,Silt Loam,0.69,22.5,165,79,89,14.5,8.25
Cotton,Sandy Loam,0.51,21.9,115,42,102,15.8,4.77
Cotton,Clay Loam,0.8,22.0,115,59,84,10.1,5.44
Cotton,Sandy Loam,0.75,43.8,104,58,80,2.5,5.78
Cotton,Silt Loam,0.62,15.1,97,56,95,9.4,4.35
Maize,Clay Loam,0.64,40.9,180,53,63,17.6,8.75
Maize,Clay Loam,0.5,33.4,123,50,85,6.3,6.96
Cotton,Silt Loam,0.45,34.2,137,55,90,22.4,4.41
Cotton,Sandy Loam,0.38,34.7,139,47,101,8.8,5.27
Cotton,Silt Loam,0.69,41.1,90,52,108,2.9,5.94
Wheat,Clay Loam,0.55,29.3,137,47,58,21.2,8.01
Cotton,Sandy Loam,0.76,37.2,138,55,115,8.8,6.15
Wheat,Silt Loam,0.78,40.8,156,69,69,2.5,8.93
Wheat,Silt Loam,0.75,38.7,125,44,77,7.3,8.82
Cotton,Sandy Loam,0.35,40.1,125,41,97,15.5,4.98
Wheat,Sandy Loam,0.63,51.0,128,66,86,24.3,8.78
Cotton,Sandy Loam,0.39,34.8,102,59,106,10.3,4.31
Cotton,Clay Loam,0.72,29.6,122,51,91,11.3,5.4
Maize,Silt Loam,0.72,31.4,147,53,95,8.4,8.29
Alfalfa,Clay Loam,0.48,28.8,26,97,133,16.9,5.39
Maize,Sandy Loam,0.74,43.0,156,51,64,6.7,9.27
Maize,Clay Loam,0.73,52.3,185,53,86,7.1,9.86
Cotton,Sandy Loam,0.45,42.4,129,64,94,14.9,4.94
Wheat,Clay Loam,0.56,23.1,139,57,71,10.9,7.76
Alfalfa,Sandy Loam,0.72,51.5,27,98,110,19.4,6.82
Maize,Sandy Loam,0.58,47.0,147,81,72,16.9,8.86
Alfalfa,Silt Loam,0.41,54.6,38,94,94,8.4,5.61
Maize,Silt Loam,0.72,27.9,137,83,71,10.0,8.18
Cotton,Sandy Loam,0.58,55.0,99,63,80,10.9,5.78
Wheat,Clay Loam,0.4,42.4,102,53,57,11.9,7.29
Wheat,Sandy Loam,0.62,42.3,118,48,56,7.5,8.53
Maize,Clay Loam,0.68,42.5,123,74,108,22.0,8.7
Maize,Silt Loam,0.6,16.3,148,51,93,16.9,7.44
Maize,Silt Loam,0.69,27.8,155,68,86,6.6,8.78
Maize,Clay Loam,0.62,33.7,145,77,63,23.3,8.5
Alfalfa,Silt Loam,0.85,52.7,26,95,125,17.4,6.98
Cotton,Sandy Loam,0.81,31.2,131,60,118,11.1,5.45
Maize,Clay Loam,0.78,30.6,169,55,109,10.8,9.3
Cotton,Clay Loam,0.42,52.6,91,63,116,22.7,5.58
Wheat,Sandy Loam,0.71,50.9,136,67,68,3.2,8.98
Cotton,Clay Loam,0.53,39.0,100,62,86,14.8,4.87
Wheat,Sandy Loam,0.47,25.1,143,65,65,23.6,8.14
Alfalfa,Silt Loam,0.4,54.8,39,83,118,11.2,5.97
Alfalfa,Sandy Loam,0.45,45.7,20,79,123,8.8,5.47
Alfalfa,Clay Loam,0.38,52.6,27,67,127,6.3,5.04
Wheat,Silt Loam,0.36,20.9,102,69,51,10.7,6.8
Cotton,Clay Loam,0.72,54.6,101,40,99,25.0,6.07
Cotton,Clay Loam,0.54,25.1,138,49,115,4.6,4.76
Cotton,Sandy Loam,0.6,16.6,136,47,88,22.5,5.21
Alfalfa,Sandy Loam,0.42,41.4,39,75,99,17.2,4.94
Alfalfa,Clay Loam,0.4,33.2,39,93,91,13.3,4.94
Cotton,Silt Loam,0.61,42.3,121,44,89,12.3,5.59
Cotton,Clay Loam,0.71,30.3,120,50,86,9.3,4.9
Wheat,Sandy Loam,0.65,42.5,158,51,83,12.8,8.46
Wheat,Clay Loam,0.43,16.0,116,57,71,4.1,6.97
Maize,Sandy Loam,0.54,50.5,145,51,70,12.4,8.39
Alfalfa,Sandy Loam,0.5,26.4,43,88,137,11.0,5.19
Alfalfa,Sandy Loam,0.78,32.9,34,73,131,10.4,5.8
Maize,Clay Loam,0.52,30.6,188,77,92,19.4,7.08
Alfalfa,Silt Loam,0.64,45.3,34,82,111,8.1,5.67
Cotton,Sandy Loam,0.41,22.6,97,59,97,6.9,4.37
Alfalfa,Sandy Loam,0.4,20.7,32,95,125,21.8,4.17
Wheat,Sandy Loam,0.44,23.5,145,58,84,9.8,7.48
Wheat,Sandy Loam,0.42,32.0,114,69,73,5.1,7.18
Wheat,Silt Loam,0.68,41.2,141,45,62,4.2,8.78
Cotton,Silt Loam,0.39,26.1,90,50,110,7.7,4.62
Alfalfa,Clay Loam,0.74,52.5,44,65,120,5.3,5.96
Wheat,Sandy Loam,0.73,22.6,103,57,52,15.1,8.04
Maize,Clay Loam,0.55,37.8,153,84,94,20.2,8.32
Maize,Sandy Loam,0.48,26.9,152,72,84,19.7,7.62
Alfalfa,Clay Loam,0.48,25.1,21,74,117,16.5,4.8
Wheat,Sandy Loam,0.48,44.8,133,42,86,24.5,8.39
Maize,Silt Loam,0.55,25.9,161,57,107,8.7,7.96
Alfalfa,Sandy Loam,0.51,22.0,41,87,93,15.5,5.6
Alfalfa,Sandy Loam,0.54,40.5,40,61,135,23.7,5.26
Alfalfa,Sandy Loam,0.8,15.3,42,76,135,20.8,5.97
Cotton,Silt Loam,0.77,33.5,101,42,94,19.0,5.27
Wheat,Sandy Loam,0.43,32.1,157,47,70,5.0,7.55
Alfalfa,Silt Loam,0.75,23.0,42,92,109,11.5,5.75
Wheat,Silt Loam,0.6,35.4,104,68,59,20.7,7.92
Wheat,Clay Loam,0.75,25.3,158,52,71,16.2,8.61
Cotton,Silt Loam,0.61,41.2,134,60,80,14.1,5.24
Cotton,Sandy Loam,0.56,20.6,120,62,87,13.7,4.76
Wheat,Sandy Loam,0.81,41.8,109,59,63,2.3,8.38
Maize,Silt Loam,0.71,50.8,122,72,70,19.5,8.63
Cotton,Sandy Loam,0.83,19.9,139,44,103,7.9,5.49
Cotton,Silt Loam,0.81,16.5,108,40,106,21.7,5.67
Maize,Clay Loam,0.64,50.5,188,53,76,12.9,9.16
Cotton,Silt Loam,0.44,16.9,139,49,117,7.7,4.58
Cotton,Clay Loam,0.37,16.4,95,53,102,21.1,4.23
Alfalfa,Silt Loam,0.66,26.4,32,96,116,23.1,5.76
Maize,Silt Loam,0.53,41.1,132,81,66,19.1,8.12
Wheat,Silt Loam,0.7,18.5,128,47,82,4.7,7.58
Maize,Clay Loam,0.72,28.4,142,60,92,10.3,8.09
Maize,Silt Loam,0.82,45.5,154,71,93,14.0,10.18
Alfalfa,Sandy Loam,0.74,22.8,20,73,120,15.8,5.35
Maize,Silt Loam,0.54,15.4,197,50,72,8.5,7.21
Alfalfa,Clay Loam,0.65,22.6,22,63,94,10.3,4.8
Cotton,Sandy Loam,0.6,25.8,129,40,93,15.8,5.04
Alfalfa,Sandy Loam,0.83,44.0,37,80,134,20.4,6.36
Maize,Clay Loam,0.48,23.3,190,80,83,23.7,7.6
Maize,Sandy Loam,0.7,38.0,157,77,85,6.1,9.29
Wheat,Sandy Loam,0.38,19.0,156,58,50,11.6,6.72
Maize,Clay Loam,0.49,31.4,144,78,84,14.1,7.73
Alfalfa,Silt Loam,0.82,19.4,24,67,126,16.6,5.73
Cotton,Clay Loam,0.62,23.0,135,54,100,2.5,4.93
Maize,Silt Loam,0.74,53.6,126,73,70,13.8,9.3
Wheat,Silt Loam,0.75,23.4,143,41,64,14.5,8.77
Alfalfa,Silt Loam,0.67,32.7,43,78,119,16.5,6.09
Maize,Sandy Loam,0.48,44.0,136,82,64,15.2,7.77
Maize,Silt Loam,0.83,42.8,131,62,67,18.5,9.28
Wheat,Clay Loam,0.8,43.0,103,51,59,18.9,8.49
Wheat,Sandy Loam,0.47,47.7,159,50,77,4.5,8.23
Wheat,Sandy Loam,0.82,16.8,109,68,60,19.2,7.96
Wheat,Silt Loam,0.53,42.0,125,64,66,18.8,8.43
Alfalfa,Clay Loam,0.6,45.2,33,73,106,14.0,6.18
Maize,Sandy Loam,0.51,17.4,125,53,77,17.8,6.74
Maize,Sandy Loam,0.46,35.4,199,68,102,14.0,7.61
Wheat,Silt Loam,0.35,24.9,122,43,59,4.4,6.92
Alfalfa,Clay Loam,0.79,39.3,38,80,123,21.8,6.36
Maize,Silt Loam,0.82,15.5,188,61,95,10.0,8.77
Alfalfa,Silt Loam,0.74,54.1,35,72,114,7.0,6.13
Wheat,Silt Loam,0.4,27.6,129,49,79,22.1,7.39
Alfalfa,Silt Loam,0.75,24.3,39,91,128,23.4,5.83
Alfalfa,Sandy Loam,0.4,17.8,33,92,135,5.5,4.53
Wheat,Clay Loam,0.46,20.9,121,62,75,15.2,6.97
Alfalfa,Sandy Loam,0.55,43.1,37,87,127,2.9,5.52
Wheat,Silt Loam,0.54,19.8,118,59,74,3.9,7.55
Wheat,Silt Loam,0.57,35.7,156,58,52,14.0,8.35
Maize,Sandy Loam,0.69,43.2,140,80,86,9.4,8.5
Wheat,Silt Loam,0.64,21.0,153,52,88,21.3,7.67
Alfalfa,Silt Loam,0.82,50.3,27,66,93,7.6,6.71
Alfalfa,Silt Loam,0.81,26.9,21,84,96,23.8,5.97
Cotton,Silt Loam,0.8,36.6,112,50,86,18.5,5.71
Maize,Clay Loam,0.44,29.3,133,66,63,6.4,6.59
Cotton,Silt Loam,0.36,20.6,123,63,94,15.1,4.33
Cotton,Silt Loam,0.73,15.5,115,40,93,7.0,5.13
Cotton,Silt Loam,0.46,36.3,139,60,106,18.0,4.8
Maize,Sandy Loam,0.59,41.1,191,59,92,5.4,8.5
Alfalfa,Clay Loam,0.55,41.2,27,82,100,12.1,5.69
Cotton,Sandy Loam,0.37,30.1,123,43,86,20.6,4.49
Alfalfa,Sandy Loam,0.79,31.4,41,90,116,10.5,6.44
Alfalfa,Clay Loam,0.79,47.4,25,92,127,20.1,6.76
Cotton,Sandy Loam,0.8,22.6,108,63,112,24.6,5.78
Maize,Sandy Loam,0.56,48.8,137,56,106,18.0,8.77
Maize,Silt Loam,0.38,47.0,169,61,71,8.0,8.18
Maize,Silt Loam,0.58,54.6,172,81,96,19.7,9.15
Cotton,Silt Loam,0.73,35.9,121,52,81,23.3,5.4
Wheat,Clay Loam,0.44,41.4,104,54,73,14.7,7.77
Cotton,Clay Loam,0.81,51.8,92,61,119,8.6,6.56
Wheat,Clay Loam,0.61,52.1,147,46,53,2.7,8.43
Wheat,Clay Loam,0.56,17.5,157,50,67,20.2,7.43
Alfalfa,Clay Loam,0.66,24.0,38,85,126,16.1,5.92
Maize,Silt Loam,0.45,53.0,196,75,80,14.4,8.28
Cotton,Clay Loam,0.6,28.5,128,58,93,12.5,4.5
Maize,Clay Loam,0.53,43.8,144,53,109,12.2,8.09
Cotton,Sandy Loam,0.58,26.0,115,47,118,24.7,5.29
Alfalfa,Sandy Loam,0.42,35.1,46,82,136,16.7,4.73
Maize,Clay Loam,0.41,44.6,191,83,68,19.7,7.55
Alfalfa,Sandy Loam,0.37,54.4,42,88,136,9.8,5.68
Cotton,Sandy Loam,0.62,35.6,134,57,81,17.9,5.47
Alfalfa,Clay Loam,0.48,23.5,21,91,139,3.9,5.1
Wheat,Silt Loam,0.81,43.7,136,47,70,4.4,9.05
Maize,Sandy Loam,0.46,17.9,124,74,85,18.5,6.65
Cotton,Silt Loam,0.52,15.6,120,64,87,3.3,4.53
Wheat,Sandy Loam,0.83,16.0,146,48,60,24.8,8.82
Cotton,Clay Loam,0.43,51.4,110,61,116,23.6,5.41
Cotton,Silt Loam,0.54,33.8,92,52,107,11.8,5.13
Cotton,Clay Loam,0.84,17.4,122,50,92,13.2,5.64
Wheat,Sandy Loam,0.46,40.8,144,44,56,9.7,7.71
Maize,Sandy Loam,0.53,36.0,189,57,83,15.8,7.91
Alfalfa,Clay Loam,0.83,41.2,29,82,95,24.6,6.15
Cotton,Sandy Loam,0.73,39.1,123,57,91,10.0,5.08
Alfalfa,Silt Loam,0.48,32.1,35,63,118,10.9,4.83
Maize,Silt Loam,0.84,35.9,137,67,72,5.2,9.32
Maize,Sandy Loam,0.41,40.6,136,81,73,24.8,7.48
Maize,Clay Loam,0.72,54.8,130,84,74,20.8,8.74
Cotton,Sandy Loam,0.41,31.6,129,42,112,6.3,4.76
Alfalfa,Clay Loam,0.73,49.1,25,89,96,19.9,6.34
Cotton,Sandy Loam,0.77,42.1,134,54,106,18.0,5.91
Alfalfa,Clay Loam,0.53,50.5,20,67,130,12.7,5.76
Wheat,Silt Loam,0.68,19.8,127,54,72,22.2,7.68
Cotton,Clay Loam,0.49,31.4,103,56,103,18.1,5.12
Wheat,Sandy Loam,0.48,30.0,153,47,70,22.3,7.72
Cotton,Sandy Loam,0.62,23.7,111,62,119,14.5,5.45
Wheat,Clay Loam,0.36,15.9,114,63,75,13.9,6.71
Maize,Sandy Loam,0.44,23.1,150,51,77,23.1,6.78
Maize,Clay Loam,0.75,21.8,177,51,95,2.8,8.56
Alfalfa,Sandy Loam,0.69,27.3,33,66,112,14.9,5.21
Alfalfa,Sandy Loam,0.73,53.2,38,78,96,10.5,6.44
Wheat,Sandy Loam,0.42,30.3,131,47,61,6.7,7.6
Maize,Silt Loam,0.62,37.9,184,69,108,23.0,8.92
Maize,Sandy Loam,0.67,46.3,193,83,83,14.3,8.94
Maize,Clay Loam,0.82,50.8,124,78,107,6.4,8.9
Wheat,Clay Loam,0.49,42.9,122,41,52,5.5,7.52
Maize,Sandy Loam,0.83,20.0,185,56,105,5.7,8.93
Maize,Sandy Loam,0.4,32.2,135,70,69,9.8,7.43
Maize,Silt Loam,0.57,33.3,183,58,89,14.7,8.5
Alfalfa,Silt Loam,0.43,20.6,45,96,112,21.0,4.91
Wheat,Silt Loam,0.69,16.5,121,44,68,15.1,7.85
Cotton,Silt Loam,0.45,17.6,103,48,89,21.8,3.79
Alfalfa,Silt Loam,0.69,54.1,21,76,93,21.1,5.88
Cotton,Silt Loam,0.54,52.7,106,50,84,22.5,5.89
Wheat,Silt Loam,0.58,43.6,129,50,53,11.3,8.53
Alfalfa,Clay Loam,0.44,39.7,47,77,113,19.9,5.15
Wheat,Clay Loam,0.5,48.1,115,63,63,17.5,7.85
Maize,Silt Loam,0.46,34.9,131,65,108,21.0,7.46
Cotton,Sandy Loam,0.42,35.3,98,44,96,17.9,5.09
Alfalfa,Silt Loam,0.56,43.1,30,90,92,12.0,5.08
Alfalfa,Sandy Loam,0.52,24.0,39,66,137,10.3,5.28
Wheat,Clay Loam,0.51,23.6,147,50,70,15.7,7.38
Wheat,Sandy Loam,0.6,40.8,138,48,77,6.8,8.23
Maize,Clay Loam,0.41,42.6,199,56,89,18.8,8.01
Alfalfa,Silt Loam,0.56,22.8,44,87,128,11.6,5.36
Cotton,Silt Loam,0.36,44.3,114,64,83,15.7,5.13
Cotton,Clay Loam,0.82,34.8,96,51,114,4.0,5.82
Maize,Clay Loam,0.39,34.3,149,65,71,22.6,7.15
Maize,Sandy Loam,0.43,15.3,179,78,81,11.7,7.29
Cotton,Clay Loam,0.6,16.3,109,54,86,3.6,4.79
Alfalfa,Sandy Loam,0.65,30.7,40,76,109,4.7,5.57
Cotton,Sandy Loam,0.8,51.8,103,43,100,14.3,6.72
Wheat,Sandy Loam,0.48,24.2,110,61,78,7.7,7.96
Maize,Sandy Loam,0.39,52.7,140,68,75,19.8,7.83
Cotton,Silt Loam,0.46,53.1,105,61,99,24.0,5.03
Wheat,Sandy Loam,0.42,46.4,120,45,73,9.6,7.19
Alfalfa,Clay Loam,0.42,47.5,37,71,104,17.5,5.28
Wheat,Clay Loam,0.6,49.5,157,60,69,17.4,8.64
Wheat,Silt Loam,0.6,23.3,125,67,83,5.7,8.14
Wheat,Sandy Loam,0.42,28.3,153,69,60,12.5,7.5
Cotton,Clay Loam,0.77,21.8,113,46,87,9.3,4.85
Maize,Clay Loam,0.73,41.0,195,59,93,6.1,9.23
Cotton,Silt Loam,0.6,44.9,125,50,102,14.9,5.42
Alfalfa,Sandy Loam,0.6,23.1,38,95,95,3.6,5.24
Cotton,Silt Loam,0.78,49.0,100,56,102,13.8,6.25
Cotton,Clay Loam,0.44,52.0,129,40,109,4.4,5.62
Cotton,Sandy Loam,0.53,40.8,124,43,89,23.8,5.5
Cotton,Clay Loam,0.59,49.8,91,62,90,11.5,5.7
Alfalfa,Clay Loam,0.35,22.5,44,98,91,17.9,4.27
Alfalfa,Sandy Loam,0.79,46.0,33,94,125,3.9,6.33
Cotton,Sandy Loam,0.37,33.0,91,40,80,21.9,4.39
Wheat,Clay Loam,0.45,47.1,132,49,58,19.3,7.76
Wheat,Clay Loam,0.82,52.3,131,51,65,7.2,9.1
Alfalfa,Sandy Loam,0.52,18.1,44,67,113,11.0,4.59
Cotton,Sandy Loam,0.47,19.0,95,42,97,20.6,4.98
Alfalfa,Silt Loam,0.39,41.2,43,74,116,13.2,5.37
Cotton,Clay Loam,0.68,16.1,128,52,114,12.7,5.38
Alfalfa,Clay Loam,0.38,31.8,25,70,127,15.4,4.79
Maize,Sandy Loam,0.59,33.8,148,78,64,8.0,8.54
Maize,Silt Loam,0.61,39.4,171,83,101,6.4,9.14
Alfalfa,Silt Loam,0.78,28.7,27,73,123,8.1,5.58
Alfalfa,Sandy Loam,0.71,54.3,44,86,97,18.4,6.18
Cotton,Clay Loam,0.71,45.5,120,44,85,23.6,6.14
Wheat,Sandy Loam,0.72,34.6,116,40,78,11.9,8.71
Wheat,Sandy Loam,0.69,27.6,115,41,67,18.9,8.56
Alfalfa,Silt Loam,0.64,46.4,23,63,128,5.9,5.7
Alfalfa,Silt Loam,0.81,18.4,24,82,125,8.2,5.46
Cotton,Silt Loam,0.61,26.1,105,46,97,6.8,5.1
Alfalfa,Clay Loam,0.63,54.2,49,70,111,3.7,6.11
Alfalfa,Sandy Loam,0.63,29.1,27,63,139,15.9,5.43
Alfalfa,Silt Loam,0.45,34.5,28,80,92,11.2,4.86
Alfalfa,Silt Loam,0.79,26.3,35,69,120,20.5,5.76
Alfalfa,Sandy Loam,0.55,49.6,34,68,96,23.6,5.76
Cotton,Sandy Loam,0.52,48.2,124,50,111,22.5,5.59
Alfalfa,Clay Loam,0.54,54.9,22,72,130,24.5,5.75
Maize,Silt Loam,0.81,43.5,124,75,107,11.7,9.15
Wheat,Silt Loam,0.49,16.3,122,52,82,13.9,7.4
Maize,Silt Loam,0.53,52.4,166,54,79,15.0,8.81
Cotton,Clay Loam,0.58,40.5,119,53,101,8.9,5.63
Maize,Sandy Loam,0.55,53.2,143,55,76,23.1,8.72
Cotton,Sandy Loam,0.68,29.2,123,50,90,24.2,5.01
Maize,Clay Loam,0.55,34.2,175,50,80,24.4,8.25
Maize,Sandy Loam,0.7,42.7,155,78,105,9.5,9.06
Alfalfa,Clay Loam,0.51,40.3,24,79,94,24.6,5.5
Cotton,Clay Loam,0.52,32.4,105,40,95,9.7,5.03
Maize,Clay Loam,0.49,44.5,197,73,70,2.7,7.9
Wheat,Silt Loam,0.68,29.8,118,57,55,6.9,8.23
Cotton,Clay Loam,0.49,28.4,122,62,88,16.7,4.62
Maize,Sandy Loam,0.51,45.6,174,75,97,2.4,8.47
Alfalfa,Clay Loam,0.39,41.8,43,91,119,5.2,5.34
Maize,Sandy Loam,0.65,52.1,198,72,95,11.2,9.1
Maize,Silt Loam,0.55,22.5,167,79,74,16.4,8.14
Wheat,Silt Loam,0.67,30.9,149,42,85,11.7,8.4
Cotton,Clay Loam,0.71,38.4,138,51,101,22.8,5.63
Cotton,Clay Loam,0.67,35.9,129,49,97,9.3,5.43
Maize,Sandy Loam,0.75,36.2,174,52,92,17.7,9.33
Maize,Silt Loam,0.75,41.1,177,56,74,7.3,9.03
Alfalfa,Sandy Loam,0.72,37.3,49,89,97,22.3,5.78
Cotton,Silt Loam,0.52,16.7,131,57,97,11.2,4.69
Maize,Clay Loam,0.4,39.8,163,73,63,5.8,8.12
Cotton,Sandy Loam,0.49,39.6,112,52,88,24.5,4.97
Cotton,Silt Loam,0.37,43.0,135,53,117,2.5,5.37
Cotton,Clay Loam,0.58,28.6,118,42,89,12.8,4.95
Maize,Sandy Loam,0.43,50.8,191,74,90,7.3,8.27
Maize,Clay Loam,0.62,21.8,163,72,106,20.8,8.5
Cotton,Silt Loam,0.75,37.5,133,49,113,3.8,5.47
Alfalfa,Sandy Loam,0.62,53.1,37,99,139,6.2,6.68
Maize,Sandy Loam,0.44,28.2,191,52,68,14.4,7.69
Wheat,Clay Loam,0.53,45.1,144,47,80,16.3,8.4
Wheat,Silt Loam,0.79,24.4,102,53,79,3.7,7.85
Maize,Clay Loam,0.77,45.6,181,60,68,10.7,9.84
Cotton,Silt Loam,0.7,36.1,136,43,88,8.6,5.11
Wheat,Silt Loam,0.38,51.2,152,67,64,20.2,8.15
Alfalfa,Silt Loam,0.68,51.4,21,81,137,4.1,6.93
Cotton,Clay Loam,0.68,36.4,135,47,99,15.7,5.74
Wheat,Clay Loam,0.67,24.7,139,65,55,2.5,8.45
Alfalfa,Clay Loam,0.73,52.6,47,71,132,11.8,5.88
Wheat,Silt Loam,0.46,25.7,103,42,74,7.4,7.12
Alfalfa,Silt Loam,0.72,44.4,27,96,92,3.7,6.2
Wheat,Silt Loam,0.68,46.8,141,48,55,19.3,8.64
Wheat,Clay Loam,0.67,49.4,132,60,83,24.6,8.57
Alfalfa,Silt Loam,0.38,30.2,28,61,108,2.1,4.53
Cotton,Silt Loam,0.41,48.7,91,58,89,19.2,5.13
Cotton,Sandy Loam,0.69,42.2,110,62,117,14.7,5.76
Wheat,Clay Loam,0.79,27.4,104,46,59,14.6,8.56
Cotton,Sandy Loam,0.75,44.2,109,52,90,12.7,5.22
Maize,Clay Loam,0.66,34.9,187,68,96,10.4,8.76
Cotton,Sandy Loam,0.43,31.2,117,55,83,22.7,4.53
Wheat,Sandy Loam,0.56,36.6,124,57,55,15.3,7.94
Alfalfa,Clay Loam,0.47,46.0,37,68,94,7.5,5.23
Alfalfa,Clay Loam,0.53,34.3,41,67,107,8.7,5.44
Alfalfa,Sandy Loam,0.42,39.9,29,68,106,12.6,4.99
Wheat,Clay Loam,0.54,54.6,145,41,59,9.0,8.65
Alfalfa,Silt Loam,0.35,45.4,35,72,92,19.5,4.88
Cotton,Clay Loam,0.66,37.0,123,51,103,20.0,5.47
Alfalfa,Sandy Loam,0.7,39.9,46,93,122,13.4,6.02
Maize,Silt Loam,0.58,52.5,125,68,81,4.5,8.6
Wheat,Clay Loam,0.37,46.7,123,47,66,15.7,8.12
Maize,Sandy Loam,0.72,31.1,144,56,106,3.6,8.67
Maize,Sandy Loam,0.44,29.4,129,64,96,10.8,7.4
Maize,Clay Loam,0.73,28.6,181,63,69,11.8,9.2
Alfalfa,Sandy Loam,0.66,20.8,22,74,113,21.2,5.37
Wheat,Clay Loam,0.56,39.7,118,53,52,17.3,8.25
Alfalfa,Sandy Loam,0.52,50.4,39,81,95,17.3,5.71
Alfalfa,Sandy Loam,0.67,39.6,39,74,115,14.7,5.86
Cotton,Silt Loam,0.67,51.7,111,53,108,16.8,5.99
Maize,Sandy Loam,0.48,30.7,147,58,66,16.9,7.43
Alfalfa,Clay Loam,0.79,36.9,45,91,118,8.6,6.55
Alfalfa,Silt Loam,0.79,42.8,39,88,106,7.6,6.5
Maize,Silt Loam,0.57,19.5,182,65,84,5.2,7.36
Maize,Silt Loam,0.64,44.3,199,53,71,9.9,9.21
Maize,Sandy Loam,0.82,17.6,197,74,93,6.4,8.44
Cotton,Sandy Loam,0.78,20.3,125,61,103,20.7,4.96
Wheat,Clay Loam,0.78,34.9,138,44,52,7.7,8.95
Alfalfa,Silt Loam,0.8,34.8,46,79,135,23.7,6.05
Cotton,Clay Loam,0.37,38.6,99,40,92,18.6,4.87
Maize,Clay Loam,0.68,21.3,187,83,78,22.8,8.2
Wheat,Sandy Loam,0.6,18.4,113,47,69,24.7,7.41
Cotton,Sandy Loam,0.84,35.2,121,45,93,3.0,5.8
Maize,Silt Loam,0.77,28.0,171,75,67,11.6,9.2
Wheat,Clay Loam,0.46,16.3,159,40,78,13.6,7.23
Maize,Silt Loam,0.42,21.5,165,73,73,9.9,6.73
Alfalfa,Clay Loam,0.72,44.5,49,68,116,11.8,5.7
Cotton,Sandy Loam,0.6,20.7,137,57,86,3.3,4.56
Wheat,Clay Loam,0.83,33.5,135,64,80,2.7,8.91
Wheat,Silt Loam,0.64,47.9,123,44,85,19.9,8.84
Cotton,Sandy Loam,0.63,26.8,114,49,114,8.6,4.99
Cotton,Silt Loam,0.51,50.5,98,40,97,2.6,5.13
Wheat,Clay Loam,0.44,25.1,147,42,65,22.2,7.2
Maize,Sandy Loam,0.62,24.5,179,62,105,17.6,8.11
Wheat,Silt Loam,0.44,20.6,127,64,52,8.5,7.45
Maize,Sandy Loam,0.84,51.7,121,83,89,18.5,9.45
Wheat,Clay Loam,0.57,45.7,101,66,71,8.1,7.9
Alfalfa,Sandy Loam,0.78,33.7,25,91,106,21.2,6.35
Maize,Clay Loam,0.79,50.7,196,81,81,16.8,9.73
Alfalfa,Clay Loam,0.55,53.6,29,91,112,15.1,6.43
Alfalfa,Clay Loam,0.71,44.8,36,62,93,22.8,5.76
Cotton,Silt Loam,0.46,33.9,111,49,109,3.4,5.0
Wheat,Silt Loam,0.52,30.7,145,40,81,24.8,7.97
Maize,Clay Loam,0.37,47.8,177,55,84,4.4,7.78
Alfalfa,Sandy Loam,0.68,41.1,35,64,113,5.8,5.37
Alfalfa,Clay Loam,0.76,53.9,37,87,128,10.9,6.52
Maize,Silt Loam,0.8,16.4,127,64,78,21.9,8.1
Cotton,Sandy Loam,0.73,36.0,90,47,80,16.4,5.16
Wheat,Silt Loam,0.36,22.0,149,51,77,24.7,6.83
Maize,Sandy Loam,0.49,17.1,189,80,82,17.8,7.26
Cotton,Sandy Loam,0.51,23.7,137,41,90,4.0,4.63
Alfalfa,Sandy Loam,0.56,51.1,31,69,135,10.3,5.73
Wheat,Clay Loam,0.84,26.6,117,68,55,5.3,8.81
Maize,Silt Loam,0.65,42.6,146,68,104,11.0,8.72
Alfalfa,Silt Loam,0.43,36.1,48,74,119,15.7,4.93
Wheat,Clay Loam,0.51,33.9,126,58,57,20.4,7.86
Alfalfa,Sandy Loam,0.46,28.5,44,79,134,25.0,4.68
Cotton,Clay Loam,0.69,24.4,93,47,99,10.7,4.96
Wheat,Sandy Loam,0.71,23.3,122,58,73,5.7,8.22
Alfalfa,Silt Loam,0.69,27.2,20,73,124,5.4,5.64
Wheat,Sandy Loam,0.45,50.8,107,45,75,24.2,7.85
Cotton,Silt Loam,0.79,54.0,107,44,97,14.8,6.55
Cotton,Silt Loam,0.57,27.1,112,49,104,3.5,5.61
Cotton,Silt Loam,0.36,47.9,134,61,105,16.6,5.34
Cotton,Clay Loam,0.5,25.7,102,48,107,7.0,5.0
Cotton,Sandy Loam,0.47,22.2,101,61,85,12.6,4.06
Cotton,Clay Loam,0.69,25.7,99,54,88,4.8,5.31
Wheat,Clay Loam,0.62,20.9,110,68,56,10.0,7.74
Maize,Silt Loam,0.41,37.4,159,84,105,6.1,7.83
Wheat,Sandy Loam,0.6,32.1,122,43,87,9.5,8.03
Maize,Clay Loam,0.75,49.4,143,71,72,10.3,9.2
Alfalfa,Clay Loam,0.52,48.1,47,90,115,8.7,5.85
Cotton,Sandy Loam,0.79,53.5,122,44,116,21.7,5.9
Cotton,Silt Loam,0.69,42.6,117,61,100,3.1,6.14
Maize,Clay Loam,0.47,17.1,159,58,78,24.9,7.61
Cotton,Silt Loam,0.65,22.5,119,60,119,20.0,4.9
Wheat,Sandy Loam,0.76,28.9,150,52,87,15.0,8.53
Wheat,Silt Loam,0.79,37.1,146,51,84,16.2,8.96
Wheat,Silt Loam,0.58,22.2,148,65,83,16.9,8.0
Maize,Sandy Loam,0.45,47.5,151,66,63,21.4,8.34
Maize,Clay Loam,0.8,35.1,170,79,109,17.1,9.25
Alfalfa,Silt Loam,0.57,46.9,49,78,138,21.8,5.68
Cotton,Sandy Loam,0.68,27.9,139,58,115,2.9,5.29
Cotton,Clay Loam,0.84,29.9,132,43,100,20.0,5.9
Maize,Clay Loam,0.44,40.5,124,71,63,19.2,6.98
Wheat,Sandy Loam,0.36,39.8,117,56,56,11.3,6.95
Maize,Clay Loam,0.36,37.5,121,71,91,4.8,6.87
Cotton,Sandy Loam,0.64,29.0,96,56,109,21.4,5.33
Cotton,Clay Loam,0.54,15.7,122,50,113,11.0,4.42
Wheat,Clay Loam,0.52,30.1,125,44,79,23.7,7.66
Alfalfa,Clay Loam,0.73,51.6,37,85,114,7.5,6.13
Cotton,Sandy Loam,0.72,37.1,132,48,89,7.6,5.51
Alfalfa,Sandy Loam,0.48,27.4,20,88,110,16.2,5.24
Alfalfa,Sandy Loam,0.54,43.0,39,99,100,2.2,5.77
Alfalfa,Silt Loam,0.61,29.6,36,97,114,8.1,5.96
Maize,Sandy Loam,0.74,37.6,120,76,95,11.3,8.03
Cotton,Clay Loam,0.72,53.0,107,61,110,13.5,6.15
Wheat,Silt Loam,0.62,48.8,104,54,58,11.4,8.29
Wheat,Clay Loam,0.5,41.4,138,67,71,18.0,7.84
Alfalfa,Sandy Loam,0.43,42.7,32,74,95,4.1,4.93
Cotton,Silt Loam,0.55,48.9,104,43,84,5.6,5.71
Cotton,Sandy Loam,0.69,16.7,94,51,93,21.3,5.12
Alfalfa,Silt Loam,0.79,38.3,35,87,96,14.1,5.82
Cotton,Sandy Loam,0.76,22.2,136,45,105,3.9,5.51
Cotton,Silt Loam,0.71,27.0,115,55,106,2.0,5.42
Cotton,Silt Loam,0.39,39.7,113,64,96,23.9,4.99
Maize,Clay Loam,0.68,41.9,158,65,77,6.1,9.38
Wheat,Sandy Loam,0.38,51.2,110,57,50,14.5,7.47
Cotton,Sandy Loam,0.41,50.2,107,54,110,12.1,5.91
Alfalfa,Silt Loam,0.64,24.6,32,83,110,12.3,5.27
Wheat,Silt Loam,0.49,31.3,153,51,65,24.1,7.52
Alfalfa,Sandy Loam,0.73,40.2,41,69,106,9.3,5.98
Alfalfa,Sandy Loam,0.36,53.9,34,98,133,12.9,5.57
Wheat,Sandy Loam,0.84,29.7,141,64,72,14.1,8.83
Wheat,Sandy Loam,0.4,21.4,156,49,86,10.8,7.19
Maize,Clay Loam,0.35,35.4,196,60,91,6.4,7.44
Maize,Silt Loam,0.58,21.2,162,71,62,19.0,7.83
Wheat,Sandy Loam,0.5,44.0,145,66,71,5.8,7.91
Cotton,Silt Loam,0.35,23.9,123,53,115,15.9,4.8
Alfalfa,Clay Loam,0.67,53.1,46,87,105,24.6,6.24
Alfalfa,Silt Loam,0.84,43.2,20,82,95,8.7,6.49
Cotton,Sandy Loam,0.63,39.1,100,49,118,25.0,5.67
Cotton,Sandy Loam,0.58,31.6,124,45,95,15.3,4.98
Maize,Silt Loam,0.83,38.2,186,61,99,20.7,9.22
Maize,Sandy Loam,0.42,40.9,155,68,103,21.9,7.94
Alfalfa,Sandy Loam,0.4,30.8,20,60,107,13.8,4.37
Cotton,Silt Loam,0.78,43.6,117,60,101,22.8,5.76
Wheat,Sandy Loam,0.82,29.3,115,56,80,5.2,7.65
Alfalfa,Clay Loam,0.6,39.2,26,69,93,16.2,5.78
Alfalfa,Silt Loam,0.73,48.4,43,83,121,16.2,5.59
Maize,Silt Loam,0.55,46.7,195,66,77,12.8,8.23
Maize,Sandy Loam,0.52,16.2,152,53,102,11.1,7.86
Cotton,Silt Loam,0.79,25.8,100,50,99,7.6,5.31
Wheat,Sandy Loam,0.64,20.0,134,47,76,7.4,8.38
Maize,Sandy Loam,0.69,34.3,184,63,84,17.3,9.17
Wheat,Sandy Loam,0.81,53.9,139,53,78,15.9,9.5
Alfalfa,Silt Loam,0.6,51.6,37,78,128,24.0,5.79
Cotton,Silt Loam,0.51,30.0,120,44,117,16.3,4.71
Maize,Clay Loam,0.75,35.2,148,78,104,10.7,9.15
Wheat,Clay Loam,0.74,23.0,149,41,72,20.2,8.49
Alfalfa,Clay Loam,0.74,51.4,30,71,102,7.0,6.12
Maize,Sandy Loam,0.66,22.7,198,72,99,12.9,8.32
Wheat,Sandy Loam,0.8,35.8,131,45,89,13.6,8.77
Maize,Silt Loam,0.73,27.9,120,68,93,20.1,8.47
Alfalfa,Silt Loam,0.67,44.0,34,78,131,14.6,6.08
Wheat,Silt Loam,0.53,43.1,117,67,55,6.1,7.95
Alfalfa,Clay Loam,0.66,50.1,23,83,99,24.0,6.18
Alfalfa,Sandy Loam,0.49,18.1,41,76,100,9.1,4.58
Wheat,Clay Loam,0.68,34.6,159,67,82,14.3,8.45
Maize,Silt Loam,0.61,48.3,131,58,100,19.4,8.08
Wheat,Silt Loam,0.52,17.5,113,56,65,14.0,6.92
Maize,Sandy Loam,0.61,18.2,199,59,74,15.5,7.85
Cotton,Sandy Loam,0.65,16.2,127,43,88,15.2,4.55
Alfalfa,Clay Loam,0.78,51.3,24,69,117,21.6,6.37
Alfalfa,Sandy Loam,0.39,45.8,27,76,119,5.3,5.17
Maize,Clay Loam,0.77,31.9,136,80,69,22.5,8.66
Maize,Silt Loam,0.54,50.2,137,73,108,24.6,8.77
Alfalfa,Silt Loam,0.63,17.8,31,74,132,8.2,5.15
Maize,Silt Loam,0.82,47.4,134,65,92,5.6,9.32
Alfalfa,Silt Loam,0.72,38.6,24,61,112,14.4,5.33
Maize,Sandy Loam,0.48,24.2,195,81,101,16.1,7.12
Cotton,Silt Loam,0.64,39.3,117,52,108,16.2,5.91
Wheat,Silt Loam,0.57,29.2,121,52,84,17.7,7.99
Alfalfa,Sandy Loam,0.59,33.0,35,70,124,9.6,5.41
Cotton,Silt Loam,0.43,44.4,99,57,87,18.7,4.89
Cotton,Silt Loam,0.52,21.6,111,62,113,8.5,4.66
Cotton,Clay Loam,0.47,25.4,116,44,86,22.1,4.56
Alfalfa,Sandy Loam,0.44,19.8,33,80,136,22.0,4.85
Maize,Silt Loam,0.79,43.6,134,66,93,14.1,8.95
Maize,Silt Loam,0.81,39.3,154,59,61,19.6,9.28
Cotton,Sandy Loam,0.66,38.6,92,45,111,24.3,6.49
Cotton,Silt Loam,0.76,34.8,100,53,95,10.0,5.84
Maize,Sandy Loam,0.46,40.0,137,75,97,20.7,7.75
Wheat,Clay Loam,0.39,33.9,120,56,77,14.6,7.22
Cotton,Sandy Loam,0.68,43.1,132,57,85,5.1,5.55
Alfalfa,Silt Loam,0.61,47.8,30,73,92,8.9,6.07
Wheat,Clay Loam,0.84,35.5,114,55,87,16.5,8.89
Cotton,Silt Loam,0.49,26.9,95,61,112,12.8,4.79
Cotton,Sandy Loam,0.78,47.1,99,47,86,17.2,5.46
Alfalfa,Clay Loam,0.59,48.3,27,65,100,4.4,5.51
Wheat,Sandy Loam,0.67,30.2,146,60,53,6.2,8.1
Wheat,Sandy Loam,0.48,26.4,107,69,77,16.9,7.38
Wheat,Clay Loam,0.39,33.8,139,46,59,23.5,7.53
Alfalfa,Clay Loam,0.83,44.9,21,79,96,21.6,6.76
Wheat,Sandy Loam,0.51,37.8,104,51,78,7.4,7.09
Wheat,Sandy Loam,0.67,19.1,119,68,53,22.8,8.05
Maize,Clay Loam,0.61,53.4,167,68,87,4.1,9.24
Wheat,Silt Loam,0.59,40.8,128,41,66,13.5,7.84
Wheat,Clay Loam,0.67,29.1,159,69,84,3.8,8.19
Maize,Silt Loam,0.6,29.4,138,69,101,14.8,7.69
Maize,Silt Loam,0.49,15.1,159,78,65,4.8,7.54
Alfalfa,Silt Loam,0.52,37.5,24,83,119,21.6,5.66
Maize,Silt Loam,0.47,54.5,141,70,96,23.9,8.2
Cotton,Silt Loam,0.72,24.4,127,61,98,10.5,5.02
Alfalfa,Silt Loam,0.54,43.6,32,86,104,10.4,5.48
Wheat,Sandy Loam,0.56,16.6,129,64,73,24.2,7.83
Maize,Silt Loam,0.68,53.9,190,56,86,21.1,9.5
Alfalfa,Sandy Loam,0.55,41.6,38,78,139,20.6,5.54
Wheat,Sandy Loam,0.84,40.7,153,54,55,12.6,9.08
Wheat,Sandy Loam,0.48,28.2,120,56,85,12.9,7.62
Alfalfa,Clay Loam,0.42,31.2,45,61,114,4.4,4.81
Cotton,Sandy Loam,0.56,30.3,128,40,116,4.3,5.57
Wheat,Clay Loam,0.72,48.3,146,56,61,19.3,8.87
Alfalfa,Silt Loam,0.37,36.5,21,67,103,23.2,5.04
Wheat,Silt Loam,0.39,53.0,101,44,81,15.9,7.51
Wheat,Silt Loam,0.4,15.6,121,62,85,5.9,7.03
Alfalfa,Sandy Loam,0.83,18.2,44,89,96,14.3,6.5
Alfalfa,Silt Loam,0.74,47.8,45,81,127,24.2,6.31
Maize,Silt Loam,0.6,44.3,160,57,85,6.6,8.99
Wheat,Silt Loam,0.54,45.1,122,68,52,10.9,8.33
Alfalfa,Silt Loam,0.63,27.8,35,99,92,11.8,5.76
Maize,Silt Loam,0.39,29.5,126,58,100,6.2,7.03
Maize,Clay Loam,0.55,46.7,173,76,79,9.5,8.82
Maize,Sandy Loam,0.66,24.6,171,54,90,12.7,8.13
Wheat,Silt Loam,0.76,39.1,149,52,66,19.3,9.24
Cotton,Sandy Loam,0.5,17.1,99,50,117,19.7,4.58
Wheat,Sandy Loam,0.64,38.8,106,41,50,19.9,8.07
Cotton,Silt Loam,0.8,31.1,132,44,113,10.9,6.26
Cotton,Sandy Loam,0.75,37.0,129,50,103,8.2,5.94
Cotton,Clay Loam,0.8,23.0,126,40,104,24.8,5.87
Alfalfa,Sandy Loam,0.72,42.7,36,71,94,20.2,5.78
Wheat,Silt Loam,0.67,19.6,135,65,86,20.0,8.61
Cotton,Silt Loam,0.48,30.7,137,50,96,8.4,4.35
Wheat,Silt Loam,0.39,16.8,135,41,86,5.7,7.04
Maize,Clay Loam,0.45,28.0,133,67,93,2.2,6.9
Wheat,Sandy Loam,0.52,20.6,155,45,74,8.2,7.47
Maize,Sandy Loam,0.53,45.9,121,56,91,16.3,7.52
Alfalfa,Sandy Loam,0.37,34.8,35,81,138,5.4,5.22
Maize,Clay Loam,0.67,21.4,151,73,101,24.6,7.87
Alfalfa,Clay Loam,0.41,33.9,24,70,131,7.6,5.11
Alfalfa,Silt Loam,0.63,20.6,40,91,135,10.9,5.18
Cotton,Sandy Loam,0.79,44.2,127,53,81,9.3,5.93
Wheat,Clay Loam,0.84,26.2,141,56,75,23.2,8.24
Alfalfa,Sandy Loam,0.83,34.5,43,77,101,17.5,6.02
Wheat,Silt Loam,0.46,19.3,135,62,71,5.2,7.22
Alfalfa,Clay Loam,0.61,31.7,27,69,90,20.3,5.34
Wheat,Clay Loam,0.55,17.6,159,58,58,10.9,7.56
Cotton,Silt Loam,0.56,15.8,104,45,89,24.7,4.36
Cotton,Sandy Loam,0.79,35.9,117,42,81,5.1,5.7
Wheat,Sandy Loam,0.65,50.7,133,57,82,18.1,8.91
Wheat,Silt Loam,0.53,32.1,156,47,87,20.6,7.87
Alfalfa,Clay Loam,0.65,34.2,36,91,135,23.5,5.38
Wheat,Silt Loam,0.65,38.3,111,47,65,14.1,7.99
Wheat,Sandy Loam,0.66,31.3,134,56,74,12.2,8.3
Maize,Sandy Loam,0.63,38.8,153,56,106,11.4,8.48
Alfalfa,Sandy Loam,0.83,51.3,28,76,138,20.2,6.69
Maize,Clay Loam,0.6,42.8,134,54,75,23.9,7.97
Maize,Silt Loam,0.39,34.6,124,82,86,16.3,6.96
Wheat,Clay Loam,0.56,19.3,112,49,60,11.0,7.19
Cotton,Sandy Loam,0.83,40.6,94,53,103,16.2,5.96
Alfalfa,Silt Loam,0.37,47.3,23,78,113,17.6,5.2
Cotton,Silt Loam,0.58,46.5,99,57,103,2.6,5.65
Wheat,Sandy Loam,0.63,24.4,115,60,64,21.4,7.59
Cotton,Silt Loam,0.63,29.5,102,56,92,16.8,4.92
Maize,Clay Loam,0.65,48.6,187,65,96,2.7,9.18
Alfalfa,Silt Loam,0.68,20.0,45,71,122,13.7,5.43
Alfalfa,Silt Loam,0.56,32.8,27,62,138,3.0,5.07
Alfalfa,Silt Loam,0.77,24.5,39,77,102,7.1,5.72
Maize,Sandy Loam,0.82,54.6,144,79,79,13.1,9.47
Wheat,Sandy Loam,0.65,28.2,115,57,68,13.7,7.98
Cotton,Sandy Loam,0.44,34.5,127,44,106,20.9,4.83
Wheat,Sandy Loam,0.42,16.8,126,55,79,22.2,6.98
Alfalfa,Silt Loam,0.5,24.5,37,92,122,15.1,5.22
Maize,Sandy Loam,0.55,16.7,142,74,60,6.6,7.34
Maize,Silt Loam,0.78,36.5,194,62,84,22.2,9.11
Wheat,Clay Loam,0.71,19.6,127,60,79,15.1,8.24
Alfalfa,Silt Loam,0.46,34.4,20,70,134,24.1,4.85
Maize,Silt Loam,0.83,21.3,159,77,72,21.6,9.12
Maize,Clay Loam,0.36,50.1,145,81,98,20.6,7.73
Cotton,Silt Loam,0.43,35.6,95,46,110,5.6,5.08
Alfalfa,Silt Loam,0.72,15.6,41,74,96,22.2,5.48
Maize,Sandy Loam,0.49,29.1,144,80,70,9.9,7.65
Cotton,Sandy Loam,0.4,20.5,139,46,116,20.2,4.59
Cotton,Sandy Loam,0.42,36.7,90,60,112,16.1,5.05
Alfalfa,Sandy Loam,0.59,41.3,41,67,125,12.0,5.65
Wheat,Sandy Loam,0.68,48.8,127,61,56,10.2,9.09
Maize,Clay Loam,0.41,29.8,179,54,64,19.0,7.21
Wheat,Clay Loam,0.55,29.8,158,55,85,16.4,7.6
Maize,Clay Loam,0.76,29.0,138,55,63,15.7,8.39
Alfalfa,Clay Loam,0.7,48.1,34,80,106,8.6,6.53
Alfalfa,Silt Loam,0.48,38.2,44,91,90,9.8,5.75
Cotton,Silt Loam,0.44,23.9,103,46,85,13.2,4.49
Wheat,Sandy Loam,0.41,22.0,144,60,83,5.8,7.35
Alfalfa,Sandy Loam,0.67,19.9,36,99,137,13.3,5.19
Maize,Sandy Loam,0.43,41.9,168,73,73,20.6,8.18
Cotton,Clay Loam,0.59,40.1,119,48,96,21.5,5.0
Alfalfa,Clay Loam,0.68,37.1,36,92,125,8.3,5.87
Wheat,Silt Loam,0.44,15.4,131,50,87,12.8,6.98
Cotton,Silt Loam,0.63,23.8,101,57,108,6.7,5.08
Cotton,Clay Loam,0.53,48.7,111,46,89,19.2,4.99
Wheat,Sandy Loam,0.43,34.9,149,54,72,4.1,7.45
Wheat,Silt Loam,0.7,50.5,120,42,54,15.2,8.55
Cotton,Clay Loam,0.55,34.1,133,45,106,4.4,4.83
Wheat,Clay Loam,0.43,46.3,153,56,65,19.5,7.93
Cotton,Sandy Loam,0.81,46.0,98,63,107,9.5,6.24
Wheat,Silt Loam,0.69,19.2,151,54,59,22.1,8.28
Alfalfa,Sandy Loam,0.66,43.7,41,93,110,22.3,6.05
Maize,Sandy Loam,0.64,33.5,190,62,104,5.9,8.68
Cotton,Silt Loam,0.37,26.0,139,50,111,18.0,4.6
Wheat,Silt Loam,0.53,46.3,122,54,50,5.8,8.3
Wheat,Sandy Loam,0.73,35.7,118,53,57,15.2,8.55
Cotton,Silt Loam,0.71,44.5,106,49,84,4.4,5.57
Alfalfa,Sandy Loam,0.73,50.6,42,76,102,18.5,5.85
Cotton,Clay Loam,0.62,17.7,98,56,100,10.5,4.72
Alfalfa,Clay Loam,0.39,53.4,26,95,133,7.7,5.61
Cotton,Sandy Loam,0.39,25.5,117,60,89,23.9,4.23
Alfalfa,Silt Loam,0.67,17.6,24,75,112,18.9,5.37
Alfalfa,Clay Loam,0.44,16.8,38,98,114,3.9,4.66
Cotton,Silt Loam,0.43,21.8,94,51,112,2.1,5.04
Alfalfa,Silt Loam,0.73,44.0,21,71,113,17.9,6.12
Cotton,Clay Loam,0.35,37.2,122,47,92,23.5,4.43
Alfalfa,Sandy Loam,0.6,40.2,48,89,138,13.6,5.7
Wheat,Sandy Loam,0.84,26.8,124,66,73,22.6,9.05
Wheat,Clay Loam,0.7,50.5,125,61,55,12.4,8.59
Alfalfa,Silt Loam,0.66,41.7,21,79,111,8.1,6.17
Cotton,Clay Loam,0.63,23.1,119,51,98,20.3,4.99
Cotton,Clay Loam,0.77,42.0,104,59,99,21.5,6.04
Alfalfa,Silt Loam,0.72,17.4,27,88,99,6.8,5.67
Wheat,Silt Loam,0.47,22.7,155,51,70,7.1,7.65
Alfalfa,Silt Loam,0.73,54.1,39,79,92,18.1,6.56
Maize,Clay Loam,0.38,48.8,156,51,86,16.0,7.4
Wheat,Silt Loam,0.69,51.5,102,47,52,21.0,8.39
Wheat,Silt Loam,0.54,19.4,155,55,62,24.3,7.44
Cotton,Clay Loam,0.51,34.7,139,54,115,6.6,4.52
Alfalfa,Clay Loam,0.54,39.9,27,60,108,4.6,5.6
Alfalfa,Sandy Loam,0.78,48.0,43,80,130,3.8,6.34
Cotton,Sandy Loam,0.84,31.3,96,57,99,13.9,5.87
Wheat,Silt Loam,0.72,24.5,107,46,89,12.0,8.35
Cotton,Sandy Loam,0.8,28.7,93,44,100,9.1,6.21
Wheat,Sandy Loam,0.42,15.7,104,62,87,12.3,6.73
Alfalfa,Clay Loam,0.57,43.6,45,72,133,2.3,5.96
Wheat,Sandy Loam,0.37,42.0,138,59,62,16.7,7.45
Cotton,Clay Loam,0.45,26.7,138,54,115,18.0,5.0
Cotton,Sandy Loam,0.76,46.8,127,40,97,18.8,6.45
Cotton,Sandy Loam,0.38,31.1,116,55,100,24.7,5.0
Wheat,Clay Loam,0.47,38.0,124,62,62,14.9,7.48
Alfalfa,Sandy Loam,0.57,50.6,45,97,126,16.3,5.81
Wheat,Clay Loam,0.53,22.8,111,64,85,10.4,7.28
Maize,Sandy Loam,0.64,42.5,189,56,80,9.5,8.57
Cotton,Clay Loam,0.4,31.0,102,57,108,6.8,5.11
Alfalfa,Clay Loam,0.74,24.1,41,95,119,6.4,5.82
Cotton,Clay Loam,0.79,29.1,118,48,110,24.9,5.68
Alfalfa,Clay Loam,0.4,26.6,38,67,101,17.2,4.55
Wheat,Silt Loam,0.69,33.5,149,61,75,21.1,8.36
Cotton,Clay Loam,0.71,37.4,113,64,110,24.8,5.76
Alfalfa,Sandy Loam,0.39,40.7,48,65,94,5.6,5.11
Maize,Sandy Loam,0.46,17.4,154,68,102,14.5,7.21
Maize,Clay Loam,0.63,16.9,141,53,76,24.4,7.41
Wheat,Clay Loam,0.42,28.7,155,69,56,13.7,7.59
Maize,Sandy Loam,0.62,29.1,144,51,69,7.6,8.58
Maize,Sandy Loam,0.61,44.6,169,66,70,8.9,8.46
Cotton,Clay Loam,0.38,55.0,115,45,114,18.0,5.41
Wheat,Sandy Loam,0.74,24.6,158,54,55,7.9,8.36
Cotton,Clay Loam,0.68,29.7,127,63,96,14.6,5.28
Alfalfa,Clay Loam,0.83,45.7,38,61,118,6.8,6.07
Alfalfa,Clay Loam,0.73,35.2,33,84,132,21.7,6.56
Cotton,Sandy Loam,0.48,25.7,134,46,105,22.4,4.84
Alfalfa,Clay Loam,0.6,21.2,48,99,126,4.9,5.31
Alfalfa,Clay Loam,0.4,27.9,33,70,114,5.9,4.51
Alfalfa,Clay Loam,0.71,40.4,28,62,136,23.8,5.88
Cotton,Sandy Loam,0.46,44.3,96,51,117,13.9,5.4
Wheat,Sandy Loam,0.73,36.0,136,62,67,2.3,8.84
Wheat,Clay Loam,0.62,42.8,121,58,50,3.9,8.61
Maize,Sandy Loam,0.54,41.2,163,76,83,5.8,8.17
Cotton,Silt Loam,0.5,29.9,91,43,106,3.9,5.11
Maize,Sandy Loam,0.73,43.3,143,61,106,16.2,8.87
Cotton,Silt Loam,0.8,32.4,106,48,100,4.2,6.07
Cotton,Sandy Loam,0.74,32.0,119,41,90,5.5,5.06
Alfalfa,Silt Loam,0.6,27.7,21,97,95,22.6,6.08
Maize,Sandy Loam,0.39,53.0,194,59,87,18.2,8.27
Cotton,Clay Loam,0.42,30.0,107,48,83,20.6,4.35
Wheat,Sandy Loam,0.81,39.0,103,41,56,16.6,8.53
Alfalfa,Clay Loam,0.63,25.5,36,95,108,16.0,5.88
Maize,Sandy Loam,0.76,27.0,165,61,104,4.9,9.04
Cotton,Sandy Loam,0.6,40.9,94,57,119,13.9,5.77
Alfalfa,Clay Loam,0.72,31.2,36,79,103,16.4,5.58
Maize,Clay Loam,0.69,24.5,166,53,79,13.5,8.87
Maize,Clay Loam,0.52,17.8,155,76,79,9.6,7.31
Wheat,Clay Loam,0.76,41.3,132,63,52,20.7,8.85
Maize,Clay Loam,0.58,28.2,174,61,75,18.4,8.17
Alfalfa,Sandy Loam,0.51,51.1,43,93,138,7.4,5.91
Maize,Clay Loam,0.38,50.3,122,79,105,21.6,7.41
Maize,Silt Loam,0.81,37.3,176,80,102,8.1,9.18
Wheat,Clay Loam,0.76,48.4,144,47,83,10.3,9.13
Alfalfa,Silt Loam,0.42,28.2,32,81,117,5.1,5.17
Wheat,Clay Loam,0.42,27.6,133,56,70,9.4,7.71
Cotton,Sandy Loam,0.59,25.7,101,50,116,10.8,5.05
Cotton,Clay Loam,0.75,44.5,114,51,114,23.3,5.93
Cotton,Clay Loam,0.42,28.3,135,43,96,15.4,4.9
Wheat,Silt Loam,0.44,52.2,150,50,83,14.2,7.62
Alfalfa,Silt Loam,0.49,25.2,40,95,116,12.7,5.2
Maize,Silt Loam,0.7,16.8,176,61,62,13.1,8.41
Wheat,Clay Loam,0.75,21.1,109,62,87,10.4,8.32
Maize,Silt Loam,0.63,40.1,197,80,73,13.1,8.89
Maize,Sandy Loam,0.75,34.5,155,61,109,10.8,9.05
Alfalfa,Silt Loam,0.7,28.4,48,62,118,8.0,5.02
Alfalfa,Silt Loam,0.57,39.8,32,74,137,2.6,5.81
Maize,Sandy Loam,0.61,19.9,167,59,76,14.4,8.08
Maize,Silt Loam,0.74,49.4,151,61,102,22.5,9.3
Maize,Silt Loam,0.83,52.9,164,70,60,17.7,10.2
Maize,Silt Loam,0.66,18.7,180,50,82,4.6,8.32
Alfalfa,Silt Loam,0.69,35.6,20,95,133,12.7,5.5
Alfalfa,Silt Loam,0.72,29.4,41,87,122,21.5,5.81
Alfalfa,Clay Loam,0.8,17.9,38,93,110,21.2,5.71
Cotton,Clay Loam,0.39,43.5,110,53,89,14.3,5.2
Cotton,Sandy Loam,0.74,44.9,91,56,85,15.3,5.6
Wheat,Clay Loam,0.4,23.8,138,69,85,13.6,7.02
Wheat,Sandy Loam,0.52,53.1,153,62,54,3.6,8.8
Wheat,Sandy Loam,0.6,28.2,119,67,70,17.2,8.13
Maize,Clay Loam,0.69,33.6,163,50,109,4.8,8.87
Alfalfa,Sandy Loam,0.42,45.9,37,82,136,7.0,5.72
Wheat,Clay Loam,0.51,25.7,124,45,66,23.8,7.76
Alfalfa,Clay Loam,0.77,38.8,24,63,132,20.0,6.19
Cotton,Silt Loam,0.74,47.2,128,60,90,20.9,5.69
Alfalfa,Silt Loam,0.79,41.0,20,71,124,5.3,6.05
Cotton,Silt Loam,0.4,36.7,109,47,97,4.0,4.54
Wheat,Sandy Loam,0.8,50.0,107,58,59,24.5,8.94
Cotton,Silt Loam,0.72,29.8,91,51,100,6.9,5.38
Wheat,Silt Loam,0.8,50.3,135,66,71,11.8,9.32
Cotton,Clay Loam,0.49,32.8,103,62,108,22.7,5.0
Maize,Clay Loam,0.54,25.6,187,52,88,3.5,7.85
Wheat,Clay Loam,0.71,15.6,139,50,72,5.5,8.44
Wheat,Silt Loam,0.67,49.8,111,68,70,19.8,8.74
Maize,Silt Loam,0.65,46.8,138,83,66,2.8,8.95
Cotton,Clay Loam,0.49,38.2,111,48,119,3.3,5.16
Cotton,Silt Loam,0.4,32.5,123,54,112,2.5,4.67
Maize,Silt Loam,0.79,51.4,135,67,77,4.4,9.08
Alfalfa,Silt Loam,0.8,29.1,27,83,103,6.8,6.18
Maize,Clay Loam,0.72,52.6,193,75,74,4.1,9.47
Wheat,Clay Loam,0.54,41.8,159,46,72,11.9,8.35
Maize,Silt Loam,0.6,51.9,145,84,74,13.1,8.9
Maize,Clay Loam,0.57,41.2,130,75,86,5.7,7.82
Maize,Clay Loam,0.57,18.5,128,62,66,9.1,7.53
Maize,Silt Loam,0.76,37.2,199,65,103,2.1,9.23
Maize,Silt Loam,0.74,51.0,138,51,62,19.5,9.0
Maize,Clay Loam,0.82,32.4,155,72,61,24.7,9.33
Maize,Sandy Loam,0.41,50.8,141,83,79,17.9,7.89
Maize,Sandy Loam,0.79,28.7,182,70,99,21.7,8.74
Maize,Sandy Loam,0.46,31.3,152,52,99,2.6,7.86
Alfalfa,Silt Loam,0.53,50.2,38,97,107,16.8,5.67
Cotton,Silt Loam,0.76,19.9,93,48,113,10.6,5.19
Alfalfa,Silt Loam,0.81,47.4,25,88,133,18.0,6.55
Wheat,Silt Loam,0.55,37.1,144,56,84,19.9,7.78
Alfalfa,Silt Loam,0.73,43.9,42,73,94,10.7,5.75
Maize,Sandy Loam,0.38,39.3,137,53,92,13.0,7.25
Cotton,Silt Loam,0.45,39.7,93,54,90,5.0,4.94
Cotton,Silt Loam,0.72,40.8,93,44,116,12.9,5.69
Alfalfa,Silt Loam,0.65,54.3,40,73,126,23.8,6.41
Maize,Sandy Loam,0.42,15.2,171,50,98,24.3,6.85
Alfalfa,Silt Loam,0.38,18.8,40,67,95,17.1,4.58
Cotton,Sandy Loam,0.38,22.5,124,46,118,11.4,4.84
Alfalfa,Silt Loam,0.8,34.5,29,71,106,11.0,6.29
Wheat,Silt Loam,0.68,21.6,113,57,75,24.8,7.95
Maize,Sandy Loam,0.77,24.4,186,74,101,5.9,8.99
Cotton,Clay Loam,0.49,27.2,108,54,95,17.4,5.11
Cotton,Clay Loam,0.52,33.4,123,52,117,8.6,5.11
Cotton,Silt Loam,0.66,35.0,129,58,110,10.8,5.42
Wheat,Sandy Loam,0.44,37.3,118,53,63,21.4,7.0
Maize,Clay Loam,0.84,48.2,184,53,66,15.7,10.04
Wheat,Sandy Loam,0.66,27.2,126,44,74,16.2,7.9
Wheat,Sandy Loam,0.63,52.7,138,53,77,16.8,8.65
Maize,Silt Loam,0.8,21.9,181,79,74,23.2,8.75
Alfalfa,Clay Loam,0.69,48.4,46,74,118,6.2,5.97
Alfalfa,Clay Loam,0.58,37.2,26,67,93,4.8,5.26
Cotton,Silt Loam,0.67,53.0,125,49,93,3.1,6.14
Alfalfa,Clay Loam,0.61,17.1,27,66,132,18.4,4.73
Alfalfa,Sandy Loam,0.54,31.1,27,81,116,16.0,5.39
Maize,Clay Loam,0.69,43.5,129,80,72,24.7,8.85
Alfalfa,Sandy Loam,0.63,30.0,32,89,123,5.2,5.85
Alfalfa,Sandy Loam,0.56,45.5,26,94,128,23.9,5.8
Cotton,Silt Loam,0.71,19.9,95,42,107,18.0,4.9
Maize,Clay Loam,0.43,23.2,129,55,75,24.8,6.46
Wheat,Clay Loam,0.56,22.9,111,55,51,23.9,7.67
Cotton,Sandy Loam,0.37,54.0,133,44,95,22.0,5.3
Alfalfa,Silt Loam,0.46,40.9,49,73,133,2.6,5.67
Wheat,Silt Loam,0.66,43.8,159,49,87,5.3,8.59
Maize,Silt Loam,0.79,27.5,122,79,68,3.0,8.22
Cotton,Clay Loam,0.79,16.3,126,55,82,19.3,5.0
Alfalfa,Clay Loam,0.85,16.8,33,75,95,7.4,5.75
Cotton,Sandy Loam,0.55,31.7,96,56,111,24.2,5.4
Cotton,Clay Loam,0.74,40.4,116,61,108,7.5,5.87
Alfalfa,Silt Loam,0.6,44.0,36,70,99,3.9,5.68
Wheat,Clay Loam,0.7,31.0,133,46,56,11.5,8.57
Alfalfa,Sandy Loam,0.82,21.5,33,80,138,2.3,6.24
Alfalfa,Clay Loam,0.52,30.3,29,97,117,24.4,5.48
Maize,Silt Loam,0.36,24.0,177,70,90,23.7,7.37
Wheat,Clay Loam,0.6,17.5,139,55,79,8.3,7.82
Maize,Clay Loam,0.54,20.4,150,84,104,11.9,7.16
Cotton,Sandy Loam,0.83,31.3,116,41,89,5.7,5.95
Cotton,Silt Loam,0.72,50.9,112,41,86,9.4,5.82
Wheat,Clay Loam,0.7,28.6,132,64,86,10.7,8.31
Alfalfa,Clay Loam,0.71,43.3,37,96,138,14.3,6.17
Wheat,Sandy Loam,0.64,15.5,103,57,50,22.7,7.26
Wheat,Silt Loam,0.78,51.1,106,49,57,22.5,9.13
Cotton,Clay Loam,0.65,46.4,91,51,106,19.7,5.43
Maize,Clay Loam,0.47,33.4,136,57,62,13.0,7.52
Alfalfa,Sandy Loam,0.78,25.5,33,70,135,6.0,5.85
Maize,Sandy Loam,0.49,51.2,136,61,87,6.2,7.55
Maize,Silt Loam,0.79,20.0,138,66,98,13.4,8.72
Cotton,Clay Loam,0.39,28.1,132,49,86,12.2,4.16
Wheat,Silt Loam,0.44,23.8,159,64,57,10.0,7.21
Maize,Silt Loam,0.81,35.9,185,58,65,6.4,9.2
Alfalfa,Sandy Loam,0.57,30.7,31,82,122,15.0,5.41
Cotton,Sandy Loam,0.69,39.7,131,64,80,13.6,5.42
Wheat,Clay Loam,0.55,31.0,122,40,51,11.3,7.76
Alfalfa,Clay Loam,0.62,47.0,36,91,100,18.8,6.03
Alfalfa,Clay Loam,0.41,40.8,22,91,123,24.9,5.38
Cotton,Silt Loam,0.75,32.3,90,47,100,14.9,5.32
Maize,Clay Loam,0.8,51.6,122,56,95,11.6,8.79
Cotton,Silt Loam,0.82,49.9,96,49,81,12.9,6.44
Cotton,Sandy Loam,0.48,55.0,96,64,95,15.6,5.87
Wheat,Clay Loam,0.82,31.4,146,59,84,2.6,9.27
Cotton,Silt Loam,0.72,44.6,136,50,106,16.0,5.77
Maize,Sandy Loam,0.79,17.0,128,59,71,13.8,8.2
Cotton,Sandy Loam,0.4,22.7,134,62,89,25.0,4.25
Alfalfa,Sandy Loam,0.42,44.5,27,67,127,21.7,4.74
Wheat,Silt Loam,0.68,54.1,101,54,83,23.9,8.04
Alfalfa,Sandy Loam,0.71,18.3,24,77,93,15.6,5.38
Wheat,Sandy Loam,0.58,46.0,125,49,67,6.4,8.03
Cotton,Clay Loam,0.39,24.6,103,50,110,22.4,4.42
Cotton,Sandy Loam,0.64,45.1,97,58,84,19.3,5.47
Wheat,Silt Loam,0.64,21.2,110,50,72,6.7,7.61
Alfalfa,Clay Loam,0.68,35.2,20,72,100,7.8,6.07
Alfalfa,Silt Loam,0.38,18.1,41,83,129,2.5,4.31
Wheat,Clay Loam,0.65,26.6,140,59,57,20.3,8.56
Maize,Silt Loam,0.61,39.1,124,75,75,12.4,7.88
Wheat,Silt Loam,0.71,40.4,142,66,61,25.0,9.13
Alfalfa,Sandy Loam,0.42,31.2,21,73,102,7.2,4.44
Cotton,Clay Loam,0.79,29.9,132,55,119,15.2,6.25
Cotton,Silt Loam,0.55,54.6,111,62,103,16.1,5.61
Alfalfa,Silt Loam,0.7,29.9,48,88,112,20.9,5.8
Maize,Clay Loam,0.65,24.6,197,83,78,15.1,8.59
Maize,Sandy Loam,0.68,20.4,159,58,65,8.7,8.24
Wheat,Sandy Loam,0.77,25.4,116,55,87,16.2,8.41
Maize,Sandy Loam,0.58,31.4,146,53,108,21.2,7.99
Maize,Sandy Loam,0.45,40.9,182,79,77,17.8,7.87
Maize,Silt Loam,0.5,41.7,155,67,73,14.4,8.52
Maize,Clay Loam,0.51,19.9,196,69,104,12.7,7.6
Cotton,Silt Loam,0.58,35.0,139,60,85,17.2,5.36
Wheat,Sandy Loam,0.41,17.1,143,46,80,19.7,7.09
Wheat,Clay Loam,0.6,32.5,134,44,66,11.0,8.45
Alfalfa,Clay Loam,0.56,29.9,40,90,97,14.3,5.68
Cotton,Sandy Loam,0.8,43.4,122,52,83,24.3,5.52
Maize,Clay Loam,0.84,31.7,131,84,80,6.9,8.53
Wheat,Sandy Loam,0.52,42.0,109,57,72,8.8,7.44
Cotton,Sandy Loam,0.73,29.6,121,62,93,22.2,5.0
Wheat,Clay Loam,0.71,35.8,146,50,78,11.0,8.63
Wheat,Sandy Loam,0.49,15.7,151,69,66,14.7,7.56
Cotton,Silt Loam,0.66,19.6,114,45,97,13.8,5.28
Alfalfa,Clay Loam,0.45,49.5,35,87,114,9.9,5.7
Wheat,Sandy Loam,0.6,24.5,101,67,58,14.8,7.55
Cotton,Silt Loam,0.45,54.8,120,44,98,22.6,5.41
Alfalfa,Silt Loam,0.78,25.0,24,89,90,10.3,6.08
Wheat,Clay Loam,0.58,41.9,152,69,79,8.0,8.23
Cotton,Clay Loam,0.47,49.2,100,44,93,18.6,5.31
Alfalfa,Silt Loam,0.43,50.5,37,92,126,24.8,5.31
Cotton,Silt Loam,0.37,21.3,108,45,106,3.6,3.96
Wheat,Clay Loam,0.35,48.7,141,49,60,24.0,7.71
Maize,Silt Loam,0.8,51.5,127,50,64,19.7,8.86
Wheat,Clay Loam,0.66,22.2,155,41,85,6.9,7.54
Alfalfa,Sandy Loam,0.6,17.5,22,93,107,23.8,5.47
Alfalfa,Silt Loam,0.76,27.5,37,94,102,8.2,6.0
Alfalfa,Sandy Loam,0.37,47.0,31,98,101,21.1,5.44
Wheat,Silt Loam,0.46,19.3,108,43,72,5.0,6.77
Cotton,Sandy Loam,0.55,28.5,121,63,101,6.4,4.76
Alfalfa,Clay Loam,0.53,18.4,21,95,118,21.4,5.15
Cotton,Silt Loam,0.44,22.0,114,50,102,16.4,4.5
Alfalfa,Clay Loam,0.55,47.8,24,74,112,23.0,5.85
Wheat,Silt Loam,0.72,46.9,153,65,66,7.7,8.86
Cotton,Sandy Loam,0.49,54.7,137,42,83,9.7,5.18
Wheat,Clay Loam,0.43,34.3,115,46,68,12.7,7.2
Maize,Clay Loam,0.75,38.8,164,60,72,13.8,9.36
Alfalfa,Clay Loam,0.7,18.2,39,80,99,3.0,5.46
Wheat,Clay Loam,0.81,29.5,102,46,57,9.1,8.3
Alfalfa,Clay Loam,0.73,49.7,32,63,101,2.5,6.11
Maize,Silt Loam,0.5,45.3,197,53,97,17.4,7.98
Cotton,Clay Loam,0.82,38.0,116,62,112,19.5,6.04
Cotton,Silt Loam,0.44,44.2,102,62,111,6.2,5.21
Alfalfa,Sandy Loam,0.61,45.9,38,75,97,16.7,5.67
Alfalfa,Sandy Loam,0.38,23.1,42,99,100,20.3,4.53
Alfalfa,Sandy Loam,0.65,24.7,42,77,103,9.5,5.3
Cotton,Sandy Loam,0.6,16.1,129,46,101,5.4,4.99
Cotton,Sandy Loam,0.71,30.4,91,58,95,3.7,5.56
Maize,Sandy Loam,0.49,17.5,141,60,63,21.7,6.91
Alfalfa,Clay Loam,0.72,46.5,36,79,120,24.9,5.99
Alfalfa,Sandy Loam,0.51,19.6,35,96,129,23.8,5.59
Cotton,Clay Loam,0.56,38.8,91,61,98,11.7,5.54
Maize,Silt Loam,0.45,23.7,144,71,105,17.4,6.91
Wheat,Clay Loam,0.47,46.8,139,41,63,3.9,8.27
Cotton,Sandy Loam,0.82,17.8,103,62,114,16.1,5.01
Alfalfa,Sandy Loam,0.65,52.9,37,94,112,6.4,6.04
Maize,Sandy Loam,0.79,45.7,149,67,66,15.2,9.2
Alfalfa,Silt Loam,0.77,35.0,49,74,124,18.1,5.29
Maize,Sandy Loam,0.8,30.7,198,76,108,14.9,9.03
Alfalfa,Clay Loam,0.51,17.0,29,92,114,21.1,4.96
Wheat,Clay Loam,0.74,27.9,116,40,61,20.5,8.28
Alfalfa,Sandy Loam,0.65,52.0,20,78,123,7.3,5.77
Alfalfa,Clay Loam,0.84,49.5,47,70,111,2.4,6.63
Wheat,Silt Loam,0.47,27.0,129,58,82,16.1,8.27
Wheat,Sandy Loam,0.58,23.3,121,54,78,16.0,8.08
Wheat,Silt Loam,0.42,30.4,102,41,57,5.0,6.82
Maize,Sandy Loam,0.68,51.5,121,81,85,24.4,8.47
Alfalfa,Clay Loam,0.62,20.8,24,82,96,21.0,5.67
Maize,Clay Loam,0.54,47.2,169,82,86,14.3,8.93
Maize,Silt Loam,0.61,36.2,190,84,84,22.7,8.66
Cotton,Silt Loam,0.45,23.8,128,58,86,3.1,4.73
Maize,Silt Loam,0.49,22.3,139,76,67,15.4,7.28
Maize,Silt Loam,0.68,32.0,141,68,68,7.2,8.59
Cotton,Clay Loam,0.51,48.1,108,50,99,19.7,5.19
Maize,Sandy Loam,0.82,46.2,180,56,67,15.9,9.48
Wheat,Silt Loam,0.41,15.1,127,67,80,23.1,7.29
Cotton,Clay Loam,0.48,49.5,126,57,105,13.7,5.57
Maize,Clay Loam,0.81,40.1,148,54,82,22.2,9.63
Alfalfa,Clay Loam,0.85,46.5,40,78,110,8.3,6.42
Cotton,Silt Loam,0.36,24.2,138,57,80,22.8,4.32
Alfalfa,Clay Loam,0.48,31.8,47,80,112,21.2,5.04
Alfalfa,Sandy Loam,0.81,28.0,46,83,104,5.6,5.87
Wheat,Sandy Loam,0.66,34.3,127,46,66,24.8,8.59
Cotton,Sandy Loam,0.52,35.1,92,58,94,10.8,4.85
Alfalfa,Sandy Loam,0.65,35.0,25,78,134,10.8,5.78
Wheat,Silt Loam,0.41,45.4,136,66,68,15.7,7.63
Alfalfa,Sandy Loam,0.52,45.3,26,92,98,2.8,6.07
Maize,Sandy Loam,0.81,51.9,150,57,82,5.4,9.45
Maize,Sandy Loam,0.35,52.6,172,55,76,21.1,8.11
Maize,Clay Loam,0.81,49.3,125,55,104,12.6,9.12
Wheat,Sandy Loam,0.74,20.3,157,53,75,21.5,7.98
Maize,Sandy Loam,0.35,30.0,184,67,82,4.6,7.73
Cotton,Sandy Loam,0.5,47.9,133,43,104,15.0,5.83
Alfalfa,Sandy Loam,0.44,41.0,30,62,111,21.5,4.86
Cotton,Sandy Loam,0.79,48.0,105,59,98,4.0,6.09
Wheat,Clay Loam,0.73,23.4,139,47,79,23.9,8.61
Cotton,Clay Loam,0.7,31.7,117,53,115,7.1,5.58
Cotton,Sandy Loam,0.66,23.3,135,62,118,20.3,5.08
Alfalfa,Sandy Loam,0.65,36.9,25,83,122,23.3,5.35
Wheat,Sandy Loam,0.38,15.3,152,52,57,23.0,7.07
Maize,Sandy Loam,0.54,27.3,142,68,99,16.2,7.91
Cotton,Sandy Loam,0.69,23.7,135,43,90,17.6,5.16
Wheat,Sandy Loam,0.74,33.3,141,55,87,9.4,8.62
Wheat,Sandy Loam,0.58,50.3,107,66,86,22.8,8.16
Wheat,Clay Loam,0.36,48.8,123,69,53,23.4,7.48
Maize,Clay Loam,0.75,38.4,129,59,67,15.9,8.62
Cotton,Sandy Loam,0.51,28.6,101,60,95,19.3,5.13
Maize,Sandy Loam,0.38,38.8,173,56,88,18.6,7.54
Maize,Sandy Loam,0.83,19.2,152,65,109,2.9,9.27
Maize,Silt Loam,0.44,23.2,156,58,89,7.8,6.9
Maize,Sandy Loam,0.55,27.5,176,68,70,23.0,7.94
Maize,Silt Loam,0.61,48.6,150,73,84,5.4,8.37
Maize,Clay Loam,0.5,29.2,153,70,97,18.3,7.82
Alfalfa,Clay Loam,0.58,40.1,24,70,108,18.3,5.85
Alfalfa,Silt Loam,0.37,51.3,33,92,131,23.1,5.57
Alfalfa,Sandy Loam,0.83,24.9,39,86,101,7.7,5.85
Wheat,Silt Loam,0.42,16.8,109,58,68,14.5,6.94
Cotton,Silt Loam,0.57,26.7,121,59,83,15.5,4.62
Maize,Silt Loam,0.65,52.7,155,51,81,16.0,9.33
Maize,Clay Loam,0.58,54.2,154,58,106,5.2,9.35
Alfalfa,Sandy Loam,0.73,17.8,28,66,96,13.1,5.34
Maize,Silt Loam,0.6,42.3,174,76,84,4.0,8.82
Cotton,Sandy Loam,0.78,27.6,98,41,94,24.2,5.47
Alfalfa,Clay Loam,0.42,48.2,24,65,107,16.8,5.13
Wheat,Clay Loam,0.51,25.3,149,67,59,16.0,7.79
Wheat,Sandy Loam,0.54,16.2,122,42,60,23.4,7.82
Wheat,Clay Loam,0.57,35.1,112,64,61,19.4,7.61
Wheat,Sandy Loam,0.63,50.0,125,68,78,21.1,8.55
Alfalfa,Sandy Loam,0.39,16.6,38,88,123,9.6,4.4
Wheat,Silt Loam,0.76,20.5,148,48,68,13.2,8.44
Alfalfa,Silt Loam,0.64,35.9,45,87,137,17.5,5.45
Alfalfa,Sandy Loam,0.65,26.5,23,60,115,21.5,5.05
Wheat,Silt Loam,0.47,37.9,111,65,80,12.8,7.17
Alfalfa,Clay Loam,0.61,35.4,20,63,125,9.3,5.48
Maize,Silt Loam,0.8,17.2,164,74,62,15.0,8.71
Alfalfa,Silt Loam,0.51,31.3,49,72,137,22.8,5.1
Wheat,Clay Loam,0.5,36.7,107,47,56,23.9,7.42
Alfalfa,Clay Loam,0.61,15.1,32,63,119,16.2,4.66
Alfalfa,Sandy Loam,0.6,53.0,23,91,111,13.6,6.34
Cotton,Sandy Loam,0.58,16.5,103,61,116,8.0,5.23
Alfalfa,Silt Loam,0.67,54.3,48,82,99,9.2,6.4
Wheat,Clay Loam,0.76,15.8,100,40,86,14.5,7.56
Maize,Silt Loam,0.81,48.7,193,52,61,15.5,9.71
Maize,Clay Loam,0.82,47.9,177,52,107,16.7,9.75
Maize,Clay Loam,0.85,29.7,155,57,69,12.4,9.13
Alfalfa,Silt Loam,0.43,45.2,48,94,91,17.8,5.33
Cotton,Silt Loam,0.44,42.2,124,64,101,13.3,4.98
Cotton,Silt Loam,0.65,36.0,104,57,117,22.5,5.3
Cotton,Clay Loam,0.52,46.6,106,43,93,4.3,5.41
Maize,Sandy Loam,0.53,20.6,193,69,94,17.9,8.21
Cotton,Sandy Loam,0.83,26.3,121,56,98,15.5,5.67
Cotton,Silt Loam,0.52,28.2,99,60,100,17.8,5.03
Maize,Silt Loam,0.81,41.2,182,61,100,16.4,9.87
Alfalfa,Sandy Loam,0.62,24.0,20,94,102,8.0,5.68
Cotton,Clay Loam,0.81,28.4,133,59,111,19.5,5.73
Wheat,Sandy Loam,0.44,18.6,116,58,87,22.3,7.24
Wheat,Sandy Loam,0.38,38.8,158,44,53,2.3,7.75
Wheat,Silt Loam,0.82,25.0,115,53,50,9.2,8.48
Cotton,Sandy Loam,0.39,21.9,90,53,117,2.6,4.79
Maize,Silt Loam,0.79,37.0,135,63,84,23.8,8.51
Cotton,Silt Loam,0.44,33.3,134,49,86,13.7,5.09
Wheat,Clay Loam,0.71,37.3,105,59,81,7.1,8.79
Alfalfa,Silt Loam,0.52,30.7,39,91,111,12.7,5.22
Cotton,Clay Loam,0.81,41.6,114,61,95,13.7,5.88
Wheat,Silt Loam,0.39,40.6,146,62,54,20.8,7.38
Maize,Silt Loam,0.61,30.6,157,54,105,15.6,8.44
Cotton,Sandy Loam,0.7,52.8,101,46,115,9.3,6.78
Wheat,Sandy Loam,0.55,51.0,145,49,56,24.3,8.95
Cotton,Silt Loam,0.83,42.7,131,53,85,7.8,5.88
Cotton,Sandy Loam,0.4,51.0,94,44,116,8.6,5.37
Wheat,Silt Loam,0.35,15.4,151,47,83,9.6,6.77
Wheat,Clay Loam,0.65,40.9,127,43,86,14.0,8.58
Alfalfa,Clay Loam,0.78,30.0,43,95,94,18.3,6.04
Wheat,Silt Loam,0.63,52.9,139,52,86,3.7,8.64
Wheat,Sandy Loam,0.71,21.4,134,56,87,13.0,8.4
