temp_max,temp_min,humidity,wind_speed,precipitation,evapotranspiration_et0,soil_moisture_prev,soil_moisture_target
37.6,24.0,69.4,24.5,2.9,4.39,55.2,50.9
40.0,31.3,49.7,21.7,8.2,5.04,45.6,44.6
41.6,28.9,72.8,11.9,0.0,3.76,20.1,14.4
41.8,31.0,65.1,22.5,24.4,4.87,31.2,43.4
28.8,19.9,77.2,22.4,3.3,2.93,56.3,54.6
24.5,12.7,64.1,22.4,0.0,2.8,34.5,30.3
41.5,32.1,44.4,6.7,0.0,4.18,46.8,40.5
22.2,10.0,52.2,24.4,0.0,3.05,47.0,42.4
34.5,26.5,78.7,7.8,0.0,2.41,49.9,46.3
34.6,26.0,83.6,9.7,0.0,2.42,50.9,47.2
40.8,29.2,44.2,21.7,2.5,5.31,55.9,49.9
33.5,25.1,61.9,7.9,4.7,2.8,49.9,49.4
37.1,25.5,41.5,19.8,0.0,4.79,38.0,30.8
40.0,29.2,64.5,24.2,0.0,4.8,40.2,33.0
33.7,24.2,70.5,19.5,0.0,3.49,15.6,10.4
42.0,30.5,40.0,10.7,0.0,4.69,21.2,14.2
22.7,10.0,69.4,11.2,13.2,1.54,27.4,35.7
30.0,20.3,39.6,12.7,0.0,3.42,27.0,21.9
28.7,18.7,56.4,21.9,0.0,3.5,51.3,46.0
24.3,10.9,40.2,5.8,6.4,2.17,37.9,39.7
31.0,18.7,32.8,15.0,0.0,3.93,43.4,37.5
22.9,14.7,53.5,21.2,0.0,2.84,15.8,11.5
25.6,16.2,53.3,16.7,0.0,2.81,32.2,28.0
33.7,23.4,37.9,14.8,0.0,4.09,53.9,47.8
37.5,28.4,38.4,12.0,0.0,4.31,56.9,50.5
28.0,14.8,57.8,22.7,0.0,3.45,46.9,41.7
32.4,19.3,44.0,23.1,0.0,4.42,34.7,28.1
41.6,28.5,72.5,10.5,0.0,3.66,48.4,42.9
34.1,20.6,38.9,7.8,0.0,3.55,17.6,12.2
35.3,25.8,36.5,13.2,0.0,4.19,22.7,16.4
22.8,12.3,71.8,22.5,14.1,2.39,26.9,34.5
29.5,15.9,49.4,12.3,0.0,3.04,58.2,53.6
31.1,19.7,54.9,10.1,0.0,2.89,16.3,11.9
35.8,24.2,37.9,8.3,0.0,3.82,29.0,23.3
27.3,19.0,72.2,22.7,0.0,2.93,36.0,31.6
32.7,23.2,39.5,21.5,0.0,4.45,50.0,43.3
31.3,18.1,80.9,11.6,0.0,2.25,35.9,32.5
25.6,12.3,48.6,16.5,0.0,2.93,38.2,33.8
25.1,11.2,39.5,20.0,0.0,3.43,21.5,16.4
40.7,29.7,64.6,17.8,0.0,4.37,21.4,14.8
37.0,25.5,36.5,19.0,0.0,4.87,39.7,32.4
23.8,13.7,32.8,14.6,0.0,3.04,15.1,10.5
27.3,14.5,30.5,5.2,0.0,2.78,50.5,46.3
37.5,24.9,49.9,22.7,9.2,4.82,30.2,30.3
25.3,15.3,62.2,15.4,0.0,2.4,48.7,45.1
36.3,26.6,47.8,10.8,19.3,3.78,17.1,26.9
25.0,16.4,75.4,5.9,0.0,1.21,17.0,15.2
37.7,24.3,56.8,21.1,0.0,4.51,50.8,44.0
37.3,28.1,57.5,24.2,0.0,4.69,58.7,51.6
33.7,22.9,66.2,21.3,0.0,3.76,16.5,10.8
36.2,22.4,64.4,8.8,0.0,3.11,55.9,51.3
22.3,11.0,38.7,10.7,0.0,2.36,24.9,21.3
37.8,27.9,49.0,14.1,0.0,4.2,46.0,39.7
23.2,15.0,61.2,22.7,0.0,2.77,26.1,22.0
37.0,25.4,61.1,8.0,8.5,3.24,24.3,26.2
41.4,33.3,64.4,15.4,0.0,4.27,54.9,48.5
35.4,21.4,39.3,6.8,8.2,3.61,33.8,34.9
39.3,29.6,80.3,14.3,0.0,3.44,26.9,21.7
25.1,11.9,36.0,20.5,0.0,3.57,53.8,48.4
36.4,26.7,61.6,5.3,0.0,2.94,18.9,14.5
30.6,21.9,82.6,15.5,0.0,2.43,16.0,12.4
34.8,24.9,53.8,22.5,0.0,4.35,26.1,19.6
41.0,28.8,82.3,16.2,0.0,3.75,55.2,49.5
24.6,14.7,43.4,16.4,0.0,2.96,49.2,44.7
36.5,26.3,37.7,9.2,0.0,3.99,21.6,15.7
26.5,15.9,34.0,9.3,23.9,2.9,23.6,38.4
39.2,30.5,77.8,17.0,0.0,3.73,54.0,48.4
33.9,20.4,62.2,19.3,0.0,3.75,56.1,50.5
38.5,29.5,61.7,22.9,0.0,4.6,58.3,51.4
26.6,16.4,57.9,9.7,0.0,2.23,39.2,35.8
25.8,16.3,36.9,19.3,0.0,3.53,24.9,19.6
32.1,23.7,80.8,10.9,0.0,2.31,37.4,33.9
39.0,29.5,39.6,22.0,0.0,5.25,48.6,40.7
28.9,16.4,79.9,24.6,0.0,3.04,31.5,27.0
41.6,28.5,32.5,16.5,24.9,5.34,21.3,33.1
33.2,21.2,81.5,21.9,0.0,3.29,40.8,35.8
41.1,28.7,67.9,20.1,0.0,4.5,47.8,41.1
26.7,16.1,78.9,5.4,0.0,1.26,27.0,25.1
26.0,12.9,68.3,7.3,0.0,1.65,36.0,33.5
24.9,12.1,50.2,20.2,9.2,3.1,19.3,22.0
24.9,11.6,36.0,6.9,0.0,2.46,44.1,40.4
24.0,10.2,38.1,20.3,16.4,3.37,39.6,47.6
26.2,14.3,63.9,21.0,0.0,2.9,38.0,33.6
31.8,20.1,70.1,12.1,0.0,2.68,41.3,37.3
41.8,30.2,42.3,16.8,0.0,5.08,53.6,46.0
38.0,24.7,48.4,15.2,0.0,4.32,26.9,20.4
29.4,16.4,72.4,24.4,0.0,3.32,25.8,20.9
40.0,31.4,69.0,9.4,0.0,3.48,57.6,52.4
27.3,15.2,39.8,6.9,0.0,2.63,43.1,39.1
27.0,17.2,69.0,7.1,0.0,1.73,57.4,54.8
29.9,19.3,70.6,20.6,0.0,3.12,59.9,55.2
23.4,9.5,82.3,22.0,0.0,2.11,54.2,51.0
26.4,13.7,40.2,21.3,0.0,3.67,19.4,13.9
39.9,28.4,66.1,10.7,0.0,3.66,39.5,34.0
30.4,19.2,68.7,18.9,0.0,3.1,32.3,27.7
33.2,19.7,71.0,12.8,0.0,2.88,38.6,34.2
39.4,31.3,69.1,10.9,0.0,3.53,15.5,10.3
39.9,26.5,33.4,15.4,19.4,5.03,44.9,53.0
27.9,19.2,75.7,18.5,16.4,2.56,51.5,60.8
33.8,23.3,62.1,17.4,0.0,3.59,58.5,53.1
25.6,13.8,40.3,9.2,0.0,2.59,56.2,52.3
25.2,11.4,47.6,12.8,16.2,2.62,41.8,50.8
30.8,20.0,64.3,16.7,0.0,3.11,54.8,50.1
35.4,26.1,47.6,20.8,19.3,4.48,31.1,39.8
33.0,23.4,84.3,23.1,0.0,3.29,23.3,18.4
38.8,27.6,68.9,9.4,0.0,3.34,56.1,51.1
27.3,17.9,35.7,10.3,0.0,3.04,52.5,47.9
27.6,15.8,56.4,10.8,0.0,2.48,22.6,18.8
34.8,26.1,70.2,8.6,0.0,2.75,52.1,47.9
28.9,18.3,44.3,20.3,0.0,3.76,49.0,43.3
22.4,13.6,50.1,7.2,0.0,1.76,17.3,14.6
39.2,26.6,41.9,14.7,0.0,4.62,47.6,40.7
30.0,21.8,45.1,14.3,0.0,3.4,54.7,49.6
25.6,13.3,81.5,5.2,0.0,1.04,35.7,34.1
35.6,24.0,84.2,10.8,0.0,2.61,25.6,21.6
30.7,16.9,72.1,11.3,0.0,2.43,17.2,13.6
27.3,15.0,61.4,14.4,0.0,2.59,32.9,29.0
22.5,11.9,79.6,22.1,0.0,2.08,16.0,12.9
34.7,22.3,46.2,14.5,0.0,3.94,40.9,35.0
29.0,17.3,39.9,9.0,0.0,3.0,25.8,21.3
28.2,17.0,79.5,20.6,17.9,2.65,37.7,48.1
31.5,19.4,40.8,24.6,0.0,4.53,31.5,24.7
34.0,24.7,64.9,5.6,0.0,2.58,48.6,44.8
38.2,28.6,59.7,15.6,0.0,4.03,25.3,19.2
36.1,26.6,80.1,15.6,0.0,3.17,28.1,23.3
38.1,29.5,72.2,12.7,0.0,3.43,22.5,17.4
22.4,10.4,62.3,17.4,0.0,2.21,25.8,22.5
38.6,26.0,48.5,17.8,0.0,4.6,55.0,48.1
22.1,9.2,49.3,19.4,0.0,2.73,42.3,38.2
34.9,24.5,58.2,19.5,0.0,4.01,15.6,10.0
22.3,10.3,76.6,20.7,0.0,2.03,36.2,33.2
26.7,12.7,44.3,13.3,0.0,2.94,54.4,50.0
23.0,13.2,61.3,17.4,17.3,2.31,38.8,49.1
38.6,29.2,40.7,20.9,0.0,5.07,50.6,43.0
37.6,29.0,45.3,10.2,0.0,3.97,36.9,31.0
24.2,14.5,78.0,21.9,0.0,2.32,32.5,29.0
34.8,25.2,39.9,5.4,0.0,3.42,42.2,37.1
40.1,31.3,80.5,11.9,0.0,3.35,31.4,26.4
30.2,20.6,68.4,20.2,0.0,3.18,30.4,25.6
37.3,25.5,82.7,13.5,0.0,3.07,48.3,43.7
37.5,29.4,57.4,15.6,9.2,4.03,58.0,59.3
30.5,21.4,58.2,5.7,0.0,2.37,41.7,38.2
29.2,16.6,37.5,22.6,0.0,4.18,15.1,10.0
38.9,27.8,55.4,9.8,0.0,3.78,57.8,52.1
26.2,17.1,43.3,16.0,0.0,3.13,40.8,36.1
26.9,16.2,51.5,5.9,0.0,2.15,20.7,17.4
38.8,27.6,76.5,24.1,0.0,4.3,19.5,13.1
40.9,28.1,72.8,6.8,24.4,3.27,24.6,39.2
25.4,15.2,80.2,14.5,0.0,1.8,30.0,27.3
26.5,15.6,63.9,12.8,0.0,2.29,24.8,21.4
27.5,15.5,50.3,6.6,10.6,2.32,56.6,61.6
29.6,21.2,53.0,18.4,0.0,3.43,27.5,22.4
35.8,24.0,39.5,8.2,0.0,3.77,44.7,39.0
41.2,30.7,72.1,7.3,0.0,3.37,43.5,38.4
34.6,25.7,32.2,19.0,4.9,4.71,23.4,20.3
24.0,12.2,53.2,10.3,0.0,2.1,53.0,49.8
40.5,29.6,61.2,10.1,0.0,3.84,48.7,42.9
31.8,22.0,62.0,23.9,0.0,3.88,49.6,43.8
27.5,18.1,76.1,8.6,0.0,1.71,34.8,32.2
31.4,20.6,79.5,6.7,0.0,1.92,52.6,49.7
40.9,30.1,57.5,24.2,0.0,5.12,37.7,30.0
28.6,20.5,53.8,18.1,0.0,3.27,15.3,10.4
38.0,27.1,58.6,24.2,0.0,4.74,49.3,42.2
33.5,21.3,53.0,10.6,0.0,3.28,31.9,27.0
26.5,13.4,56.2,21.9,0.0,3.25,40.1,35.2
41.9,28.2,44.9,22.4,0.0,5.47,18.2,10.0
33.5,19.7,83.6,7.5,0.0,2.12,51.1,47.9
29.4,17.4,56.8,9.6,0.0,2.58,26.8,23.0
28.8,19.7,69.6,14.2,0.0,2.5,42.2,38.5
25.1,11.8,55.6,12.3,5.9,2.34,56.4,57.6
31.1,18.8,34.4,17.9,0.0,4.13,28.5,22.3
33.6,19.9,69.6,6.2,0.0,2.44,18.9,15.2
39.2,27.5,82.6,5.4,0.0,2.66,19.7,15.7
29.0,20.0,48.1,21.4,12.9,3.75,56.5,61.2
42.0,32.5,81.5,10.2,0.0,3.41,54.5,49.4
37.7,24.6,74.0,9.7,0.0,3.08,32.3,27.7
31.2,22.3,47.4,22.2,0.0,4.09,42.5,36.3
32.0,19.7,63.5,24.7,12.3,3.91,56.3,60.3
40.3,29.3,37.4,21.3,0.0,5.42,49.8,41.7
31.3,22.0,31.3,16.2,6.3,4.11,34.6,33.5
30.8,21.2,37.3,23.9,10.1,4.5,28.7,30.0
39.3,28.9,36.8,5.2,0.0,4.03,47.2,41.1
30.4,21.6,50.4,16.8,0.0,3.47,18.5,13.3
33.1,23.5,63.9,18.0,0.0,3.49,33.5,28.2
32.8,23.1,45.8,5.9,0.0,3.03,17.9,13.3
41.3,29.5,39.5,7.3,0.0,4.35,28.8,22.3
27.6,16.8,80.2,16.4,0.0,2.21,51.3,48.0
22.1,12.9,57.3,19.1,0.0,2.46,22.4,18.7
40.6,30.6,73.4,22.8,0.0,4.5,53.0,46.3
36.2,22.8,43.8,23.6,20.3,4.92,34.6,43.4
25.6,17.1,51.4,12.8,0.0,2.55,24.7,20.9
30.0,19.5,54.3,22.4,0.0,3.76,15.9,10.3
32.4,19.8,33.1,13.5,0.0,3.97,57.9,52.0
31.5,19.0,46.7,20.6,0.0,4.03,34.4,28.3
31.6,18.0,32.9,8.9,0.0,3.52,41.0,35.7
27.0,17.3,50.2,14.0,0.0,2.86,15.6,11.3
40.0,29.5,42.7,15.2,0.0,4.73,17.0,10.0
36.3,23.8,39.1,8.4,0.0,3.85,50.8,45.1
27.4,14.7,59.7,20.3,0.0,3.13,30.1,25.4
40.2,27.9,56.6,17.7,0.0,4.55,31.1,24.3
30.5,20.6,85.0,16.6,13.9,2.44,17.2,24.7
27.8,17.1,59.4,24.5,0.0,3.51,19.4,14.1
32.8,19.9,43.1,20.0,0.0,4.24,44.8,38.5
28.6,15.0,78.6,19.3,0.0,2.61,50.6,46.7
28.3,18.8,58.3,24.9,0.0,3.64,47.8,42.4
31.0,21.2,77.1,16.4,0.0,2.72,36.9,32.9
37.1,23.9,51.5,5.3,0.0,3.33,56.2,51.2
35.8,23.3,47.9,19.0,0.0,4.38,23.0,16.5
41.4,31.2,48.1,12.4,16.4,4.51,25.7,32.1
38.1,27.7,55.2,17.9,0.0,4.35,25.4,18.9
41.3,29.6,30.3,13.3,0.0,5.11,51.4,43.7
28.1,18.1,33.9,10.7,0.0,3.21,43.6,38.7
23.6,14.9,50.7,19.9,0.0,2.9,15.7,11.3
28.6,18.0,80.1,15.0,0.0,2.23,32.6,29.2
30.7,18.7,32.3,12.8,0.0,3.74,27.7,22.1
33.8,23.7,71.7,6.2,0.0,2.41,22.7,19.1
25.2,12.1,77.8,6.9,0.0,1.23,27.3,25.5
34.4,26.0,50.9,14.0,0.0,3.72,38.6,33.1
31.2,17.5,40.2,8.2,0.0,3.2,18.4,13.6
31.7,20.8,47.1,23.6,0.0,4.28,28.0,21.6
26.7,17.8,50.0,18.6,0.0,3.19,51.6,46.8
26.0,17.7,83.6,5.3,0.0,1.03,52.3,50.8
40.2,29.9,40.8,17.1,0.0,4.97,20.9,13.4
38.0,28.7,57.0,22.1,7.6,4.61,17.8,17.0
24.9,16.1,41.2,10.7,0.0,2.61,56.2,52.3
30.1,21.4,42.3,19.7,0.0,3.92,58.5,52.6
22.3,9.8,57.8,23.1,0.0,2.78,35.1,30.9
35.3,22.3,45.5,7.2,0.0,3.44,24.7,19.5
30.6,16.6,61.6,18.9,0.0,3.33,51.9,46.9
40.9,28.9,56.2,11.4,0.0,4.13,30.1,23.9
28.5,16.3,62.3,9.0,0.0,2.27,34.2,30.8
33.3,21.1,63.8,11.2,0.0,2.98,20.0,15.5
33.4,23.7,63.9,9.4,0.0,2.84,25.2,21.0
39.8,26.6,49.9,12.7,0.0,4.3,19.1,12.6
23.6,14.8,60.9,8.0,0.0,1.64,44.1,41.7
22.3,13.2,81.1,18.3,0.0,1.7,17.0,14.5
33.7,24.4,82.8,18.7,0.0,3.06,53.2,48.6
31.7,19.6,74.7,16.6,12.8,2.88,20.9,26.8
36.3,24.2,84.6,17.6,0.0,3.22,27.1,22.2
28.8,15.3,71.5,18.1,0.0,2.76,46.4,42.3
39.7,30.4,68.8,12.9,19.6,3.73,22.5,32.6
27.1,14.4,70.8,10.1,0.0,1.93,24.7,21.8
41.9,29.4,51.6,7.6,0.0,4.09,23.7,17.6
34.4,24.3,46.2,20.1,0.0,4.36,41.4,34.9
25.9,13.6,64.4,21.0,6.8,2.85,22.0,23.1
25.8,17.2,60.9,16.9,0.0,2.62,33.8,29.9
32.6,18.7,59.3,16.5,0.0,3.46,59.7,54.5
30.5,18.7,56.4,19.4,0.0,3.52,28.9,23.7
38.4,26.4,45.4,20.9,0.0,4.92,20.4,13.0
41.9,31.3,59.8,21.2,0.0,4.92,54.3,46.9
32.5,21.2,45.4,14.3,0.0,3.68,47.7,42.2
22.2,13.5,80.8,22.0,0.0,2.0,42.8,39.8
27.8,15.0,63.2,18.9,0.0,2.95,34.4,29.9
26.2,12.5,82.1,21.4,0.0,2.39,44.9,41.4
26.7,14.1,47.9,13.8,0.0,2.87,34.1,29.8
35.6,26.9,35.8,18.7,0.0,4.69,39.8,32.8
25.6,15.0,71.7,18.7,24.3,2.42,25.1,40.9
26.4,15.6,48.0,24.7,9.0,3.7,32.2,33.9
31.9,23.8,34.5,10.2,0.0,3.6,49.5,44.1
35.7,24.3,51.8,22.4,0.0,4.53,28.5,21.7
34.6,22.4,51.9,5.6,21.4,3.04,17.5,30.1
33.8,24.7,42.6,10.5,6.1,3.62,44.3,43.7
32.0,19.2,33.4,22.8,0.0,4.66,15.7,10.0
41.4,31.9,68.1,10.8,0.0,3.79,38.0,32.3
29.2,16.9,63.0,15.2,0.0,2.83,57.3,53.1
41.1,27.8,44.0,12.0,0.0,4.57,59.4,52.5
25.1,14.9,40.9,9.5,0.0,2.54,43.8,40.0
23.5,12.1,75.1,20.3,23.0,2.2,49.7,64.8
22.1,9.7,70.6,14.9,15.3,1.73,49.5,59.1
27.4,15.4,49.5,16.5,0.0,3.12,28.7,24.0
39.1,26.6,49.0,13.7,0.0,4.32,51.5,45.0
35.7,24.4,82.5,20.5,14.8,3.45,33.4,40.1
37.9,29.6,52.6,11.4,10.7,3.88,45.3,48.0
29.2,17.8,62.6,16.7,0.0,2.97,20.3,15.8
26.4,13.6,57.6,19.1,0.0,2.97,16.7,12.3
37.9,29.5,81.9,9.3,0.0,2.84,17.9,13.6
39.9,26.0,38.0,10.9,20.1,4.52,29.0,38.3
33.8,25.5,69.4,15.6,0.0,3.22,50.5,45.7
23.8,12.3,65.7,15.3,20.3,2.11,59.9,65.0
41.4,28.7,53.0,11.7,11.6,4.32,22.0,24.8
27.1,13.7,83.3,24.0,22.7,2.67,21.4,35.5
32.2,20.3,55.4,24.0,0.0,4.12,38.7,32.6
23.5,10.4,52.7,19.0,0.0,2.76,45.4,41.3
32.1,22.5,64.4,24.2,0.0,3.86,19.9,14.1
22.5,11.5,72.7,11.3,0.0,1.42,56.9,54.8
31.2,21.7,80.5,14.4,0.0,2.48,30.9,27.2
30.5,18.4,53.9,11.5,0.0,2.96,24.1,19.7
26.0,13.9,77.7,9.8,17.4,1.58,42.9,54.5
30.9,22.4,35.0,20.5,0.0,4.31,53.6,47.1
33.5,21.8,81.4,8.3,0.0,2.24,17.6,14.3
29.2,20.3,40.3,23.7,0.0,4.19,55.1,48.9
30.9,19.3,31.8,14.4,0.0,3.9,15.8,10.0
37.8,28.0,54.9,15.7,0.0,4.15,19.5,13.2
33.1,21.9,33.8,17.7,0.0,4.37,19.7,13.1
25.6,12.6,35.7,14.3,5.7,3.14,24.3,24.1
31.9,22.4,35.3,21.0,0.0,4.45,22.1,15.4
31.4,23.0,61.9,11.8,6.2,2.86,30.6,31.2
38.1,29.1,36.0,15.3,0.0,4.72,19.1,12.0
27.7,18.1,40.2,11.3,17.0,3.02,59.5,65.0
34.7,24.5,66.7,16.4,0.0,3.47,43.0,37.8
34.7,25.4,52.9,11.9,9.2,3.53,36.9,38.9
34.0,20.4,43.2,8.0,0.0,3.43,57.4,52.2
31.8,23.1,56.7,7.2,0.0,2.69,46.9,42.8
26.8,13.5,65.1,24.1,0.0,3.19,15.1,10.4
24.4,13.1,82.6,24.9,0.0,2.44,22.8,19.2
25.3,12.7,62.6,16.0,0.0,2.43,47.6,44.0
39.2,29.3,42.2,18.4,0.0,4.91,30.7,23.3
27.4,18.1,44.0,7.7,0.0,2.59,27.6,23.8
34.3,25.8,36.4,15.7,0.0,4.28,27.2,20.8
38.5,29.4,49.8,16.1,0.0,4.42,33.8,27.2
30.0,18.5,47.4,19.2,0.0,3.71,52.0,46.5
27.4,13.5,47.4,22.6,0.0,3.68,26.1,20.6
26.5,13.4,47.0,11.8,24.1,2.72,26.0,41.2
26.9,13.3,79.5,10.0,0.0,1.65,26.2,23.8
23.7,10.8,72.4,10.9,6.7,1.54,49.7,52.8
41.3,31.7,75.0,9.6,0.0,3.47,18.8,13.6
33.7,24.1,80.9,10.8,0.0,2.48,52.8,49.1
30.8,21.3,60.1,21.8,0.0,3.63,21.0,15.5
29.7,15.9,34.0,13.2,0.0,3.59,18.5,13.1
28.9,15.3,31.7,20.0,0.0,4.12,27.5,21.3
26.3,12.8,72.0,7.3,0.0,1.58,43.0,40.6
30.4,19.4,82.3,13.4,0.0,2.25,44.7,41.4
24.4,12.0,58.6,9.5,0.0,1.93,40.1,37.2
34.0,20.2,77.0,9.1,0.0,2.5,15.4,11.6
24.6,15.4,62.8,8.9,0.0,1.78,25.9,23.3
28.7,15.1,84.9,18.7,0.0,2.4,46.9,43.3
37.4,25.0,34.5,11.2,0.0,4.35,31.6,25.1
28.9,16.2,71.1,5.1,0.0,1.74,43.1,40.5
24.4,16.0,75.6,14.1,0.0,1.79,52.1,49.4
39.9,31.6,40.2,10.9,13.2,4.45,51.0,54.8
41.0,27.7,55.2,17.7,0.0,4.69,33.1,26.1
39.4,31.2,59.3,22.5,24.6,4.75,15.6,28.1
39.7,29.6,37.3,8.1,0.0,4.3,54.2,47.7
34.8,21.2,76.3,5.2,0.0,2.3,28.7,25.3
31.1,22.5,45.5,17.7,0.0,3.78,44.1,38.5
40.5,32.4,73.2,17.8,20.2,4.08,25.1,35.1
27.3,18.8,59.4,15.0,0.0,2.69,22.6,18.6
38.8,25.5,59.7,9.9,22.0,3.65,19.3,31.4
22.3,11.4,70.2,14.2,17.9,1.7,43.9,55.7
35.6,26.4,73.8,14.6,0.0,3.23,39.6,34.7
27.7,18.2,30.3,12.9,0.0,3.46,48.4,43.2
23.3,9.8,44.5,12.3,17.0,2.45,46.9,56.8
40.6,30.6,44.2,19.5,0.0,5.11,57.2,49.5
26.1,13.9,33.7,14.6,17.0,3.29,42.1,50.7
23.0,13.1,51.7,10.0,9.3,2.0,50.7,55.1
29.2,19.3,81.8,5.8,0.0,1.52,36.7,34.5
40.9,30.5,68.9,6.4,0.0,3.35,30.5,25.5
32.5,23.6,82.0,18.5,5.6,2.91,33.0,33.1
26.3,16.5,84.9,18.2,0.0,2.07,34.6,31.5
36.2,25.4,48.1,15.4,0.0,4.13,59.1,52.9
31.9,19.1,66.7,14.6,0.0,3.0,30.4,25.9
24.1,11.6,80.5,9.4,0.0,1.23,25.5,23.6
32.6,22.5,36.3,6.1,0.0,3.31,17.1,12.2
24.1,15.2,30.1,8.1,0.0,2.63,51.9,47.9
25.9,17.4,70.1,5.2,0.0,1.41,20.9,18.8
26.6,17.8,43.6,21.0,24.9,3.56,29.7,44.3
40.4,31.3,40.3,16.3,20.4,4.95,34.8,43.7
36.0,26.9,65.3,16.9,0.0,3.71,28.4,22.8
40.7,26.9,77.7,16.4,0.0,3.86,17.6,11.8
40.9,27.2,31.0,12.1,0.0,4.95,18.6,11.2
25.9,12.1,76.6,23.2,6.9,2.67,42.2,43.7
32.0,22.2,78.6,23.0,0.0,3.33,22.0,17.0
25.0,14.1,37.3,14.5,0.0,3.04,54.8,50.2
27.9,16.6,70.9,16.9,0.0,2.58,42.1,38.2
40.0,30.6,60.8,15.9,0.0,4.25,24.2,17.8
24.8,13.1,42.3,17.8,0.0,3.13,57.6,52.9
26.6,17.6,60.8,16.7,0.0,2.71,48.4,44.3
34.0,25.3,73.5,6.6,19.7,2.41,39.7,51.8
36.0,25.7,30.6,11.6,0.0,4.33,25.2,18.7
35.8,23.0,55.0,22.5,0.0,4.44,54.5,47.9
35.2,25.4,56.5,19.2,0.0,4.07,48.2,42.1
33.0,24.4,60.7,6.3,22.5,2.64,37.0,51.1
32.9,23.2,59.9,8.4,0.0,2.82,52.1,47.8
39.1,30.5,60.7,21.2,4.3,4.57,51.8,48.3
37.9,27.2,36.0,15.3,0.0,4.7,38.3,31.3
30.8,19.4,70.0,20.5,0.0,3.24,24.0,19.1
29.9,21.5,54.8,24.4,0.0,3.9,22.0,16.1
27.4,19.0,40.0,14.8,0.0,3.26,24.2,19.3
24.9,13.0,60.7,21.9,21.5,2.92,41.0,53.8
27.3,17.7,51.5,14.2,21.4,2.87,20.5,33.3
31.7,21.4,58.2,22.7,0.0,3.88,15.9,10.1
29.9,17.0,48.0,18.0,0.0,3.58,44.1,38.7
24.2,11.2,83.2,19.3,0.0,1.95,57.7,54.8
41.4,27.8,52.7,20.8,0.0,5.05,23.1,15.5
32.7,20.2,79.3,22.3,13.2,3.33,36.5,42.1
40.0,32.0,70.6,17.4,0.0,4.07,35.6,29.5
35.2,21.3,70.9,6.3,20.9,2.6,30.1,42.9
36.1,23.9,84.7,14.4,0.0,2.95,17.2,12.8
31.3,22.1,76.2,21.8,0.0,3.21,29.3,24.5
36.0,23.6,66.2,24.9,0.0,4.34,33.8,27.3
28.5,17.0,75.0,14.5,0.0,2.34,15.9,12.4
40.5,27.9,51.7,12.7,20.8,4.33,49.6,59.7
34.6,26.0,44.4,14.2,0.0,3.95,34.5,28.6
26.5,16.4,65.9,22.8,0.0,3.03,46.1,41.6
24.7,13.5,80.7,5.6,0.0,0.99,21.0,19.5
32.7,20.6,33.2,6.4,0.0,3.44,35.5,30.4
31.3,17.6,47.6,22.9,0.0,4.16,25.9,19.6
32.3,21.1,77.6,11.1,0.0,2.43,58.7,55.1
38.8,25.4,69.0,23.1,18.4,4.43,47.9,56.0
30.8,22.3,64.2,6.0,0.0,2.25,32.7,29.3
42.0,32.2,75.1,6.1,0.0,3.27,39.2,34.2
34.6,21.7,71.9,20.2,0.0,3.61,47.7,42.3
31.8,23.4,79.0,22.8,0.0,3.27,56.1,51.2
37.2,26.8,48.2,24.5,0.0,4.97,32.0,24.6
34.8,23.4,58.8,17.9,0.0,3.85,44.5,38.7
40.2,26.2,69.0,23.6,0.0,4.63,28.3,21.3
40.7,32.2,48.1,17.8,0.0,4.86,39.4,32.1
37.9,28.7,84.0,13.7,0.0,3.13,32.2,27.5
34.0,23.3,67.2,8.7,0.0,2.76,18.1,13.9
34.0,20.2,32.5,18.2,0.0,4.56,24.6,17.7
27.5,18.3,46.4,7.2,0.0,2.48,31.6,27.9
38.1,25.3,73.8,16.3,0.0,3.67,33.5,28.0
28.4,16.9,81.6,10.7,0.0,1.81,44.5,41.8
38.9,29.4,45.4,22.7,15.9,5.12,53.7,58.8
40.4,32.4,50.3,10.1,0.0,4.15,43.5,37.3
42.0,30.9,60.3,13.3,9.0,4.29,26.1,26.9
38.0,26.7,46.3,14.8,0.0,4.36,23.3,16.8
39.2,25.5,34.4,20.3,0.0,5.3,32.5,24.6
35.8,26.2,31.1,9.3,2.8,4.1,29.5,25.5
31.5,19.1,47.9,8.9,0.0,3.05,55.1,50.5
26.1,12.8,54.6,23.7,0.0,3.39,23.0,17.9
33.0,21.5,65.0,13.2,16.4,3.07,57.0,65.0
41.2,29.6,31.1,7.1,0.0,4.57,52.3,45.5
40.9,29.5,77.5,21.5,0.0,4.3,50.3,43.8
24.5,12.7,82.4,8.2,0.0,1.13,29.4,27.7
38.3,26.2,80.9,19.2,0.0,3.71,15.5,10.0
37.9,27.4,66.9,7.1,0.0,3.1,34.6,30.0
40.4,28.2,36.7,16.6,0.0,5.07,51.0,43.4
30.4,16.6,44.8,12.5,0.0,3.3,25.5,20.5
32.3,19.9,65.4,8.1,0.0,2.56,40.8,36.9
33.2,20.2,40.1,20.0,0.0,4.38,47.5,40.9
32.1,21.7,51.7,19.7,0.0,3.88,30.2,24.4
34.5,21.5,33.4,24.4,13.8,5.1,40.2,43.6
24.8,11.3,55.9,7.9,0.0,1.92,44.9,42.0
41.3,30.6,44.7,6.2,0.0,4.11,42.8,36.6
41.5,29.2,81.3,24.8,0.0,4.52,21.8,15.0
25.9,16.0,58.0,7.4,0.0,1.97,28.9,25.9
22.1,12.0,36.4,13.6,20.9,2.65,18.6,31.4
39.3,27.8,55.2,16.0,0.0,4.34,20.7,14.2
37.3,23.8,82.3,18.4,0.0,3.48,36.5,31.3
35.1,22.2,50.6,23.3,0.0,4.57,38.9,32.0
41.2,27.6,68.3,11.5,0.0,3.82,18.6,12.9
36.2,25.2,61.5,14.4,0.0,3.65,40.7,35.2
40.3,32.1,74.1,12.8,0.0,3.64,57.7,52.2
28.1,19.6,42.8,9.4,0.0,2.85,17.8,13.5
23.0,10.9,60.6,13.4,0.0,2.01,48.1,45.1
24.1,12.7,75.3,12.2,0.0,1.61,53.0,50.6
38.4,26.5,69.5,20.8,0.0,4.19,35.3,29.0
25.2,15.3,41.4,12.2,0.0,2.76,58.2,54.0
41.2,28.6,83.9,25.0,0.0,4.42,18.6,11.9
30.5,19.3,36.8,21.2,10.8,4.25,18.1,20.4
32.5,20.9,70.4,11.8,0.0,2.73,48.0,43.9
37.2,27.4,33.7,5.8,0.0,3.92,32.3,26.5
24.7,15.6,72.1,17.0,0.0,2.16,43.0,39.8
24.7,14.8,50.6,11.3,0.0,2.36,41.2,37.6
36.6,27.2,44.5,9.5,0.0,3.82,30.7,25.0
30.1,17.8,83.4,8.2,6.5,1.77,48.1,50.6
25.9,14.4,62.5,10.9,11.2,2.1,23.4,29.2
25.7,14.6,67.0,6.5,0.0,1.59,26.1,23.7
35.5,22.6,74.4,12.4,0.0,3.02,50.7,46.2
23.2,11.6,76.0,12.4,0.0,1.5,46.4,44.2
23.4,13.0,46.3,5.3,11.1,1.84,23.9,30.0
34.0,23.4,32.2,10.5,10.2,3.96,26.7,28.9
35.8,25.9,50.6,19.5,0.0,4.33,40.0,33.5
38.8,29.6,84.4,23.0,0.0,3.97,55.2,49.2
37.1,23.5,68.0,18.5,12.9,3.89,24.0,28.5
28.5,14.6,34.7,19.4,2.2,3.93,37.6,33.4
25.2,11.4,41.2,8.8,9.6,2.5,16.1,20.0
32.0,20.9,32.9,9.8,0.0,3.63,35.8,30.4
30.7,18.5,69.3,20.2,0.0,3.22,25.5,20.6
23.3,13.0,77.0,6.6,0.0,1.01,46.5,45.0
31.6,22.1,47.9,6.4,0.0,2.87,17.0,12.7
36.5,23.1,64.8,18.1,0.0,3.89,22.0,16.2
22.2,12.1,71.3,24.2,0.0,2.46,31.4,27.8
30.9,20.4,64.4,19.7,0.0,3.35,44.2,39.2
30.8,17.1,69.1,13.5,0.0,2.7,51.8,47.8
30.8,19.7,46.0,21.8,0.0,4.06,39.9,33.8
39.6,26.1,75.3,6.3,0.0,3.0,30.4,25.9
26.3,12.8,79.0,14.3,2.3,1.93,34.7,33.7
22.8,11.1,63.5,23.0,10.5,2.67,53.7,58.1
31.5,23.1,36.1,21.3,0.0,4.4,54.4,47.8
24.4,11.8,66.0,9.6,0.0,1.72,40.7,38.1
40.1,27.0,48.3,15.7,0.0,4.62,46.9,40.0
33.8,21.1,30.6,18.8,0.0,4.63,25.1,18.1
38.0,29.5,42.6,9.1,0.0,4.01,29.5,23.5
36.4,24.2,47.9,13.7,0.0,4.03,45.2,39.1
29.9,21.1,37.0,11.4,0.0,3.4,16.1,11.0
27.2,18.2,82.6,19.1,0.0,2.31,24.3,20.9
39.2,30.0,84.8,10.6,17.9,3.01,42.4,52.2
42.0,29.2,53.6,18.5,0.0,4.91,38.1,30.8
27.5,18.2,46.2,22.0,0.0,3.66,27.9,22.4
38.1,29.9,62.7,22.5,0.0,4.49,27.1,20.4
31.8,19.5,58.4,5.2,18.6,2.48,33.0,44.2
37.7,25.8,62.0,23.0,5.6,4.51,43.1,40.8
23.3,11.4,84.1,22.6,0.0,2.08,55.2,52.1
24.3,13.6,53.6,11.7,22.5,2.25,50.0,64.6
35.1,26.3,50.8,23.5,0.0,4.56,42.2,35.3
40.3,28.9,62.9,11.9,0.0,3.9,45.9,40.0
28.4,17.1,45.4,8.3,0.0,2.71,24.8,20.7
40.0,30.1,62.9,10.3,0.0,3.73,30.8,25.2
40.3,30.0,75.2,8.9,20.0,3.3,39.4,50.4
32.1,22.4,34.0,14.7,0.0,4.0,20.4,14.4
40.6,30.9,59.3,6.3,0.0,3.6,20.7,15.3
23.0,9.2,70.2,19.4,23.4,2.2,36.1,51.5
39.0,31.0,46.4,24.9,0.0,5.29,55.0,47.0
28.6,17.4,77.0,17.1,0.0,2.49,25.3,21.6
25.1,15.7,57.1,21.0,0.0,2.98,40.4,35.9
38.1,28.7,78.6,24.1,3.4,4.14,19.1,15.6
37.5,28.4,69.9,13.8,0.0,3.51,51.4,46.1
41.2,31.7,42.6,5.6,0.0,4.12,35.7,29.5
41.3,28.3,39.2,21.0,3.8,5.46,52.7,47.5
41.5,33.0,74.8,22.2,8.5,4.51,48.0,48.1
38.2,28.0,38.8,18.0,0.0,4.85,37.7,30.4
24.9,11.8,65.5,22.4,0.0,2.81,51.3,47.0
41.2,27.4,64.1,19.6,0.0,4.58,43.0,36.1
22.4,12.3,35.5,11.0,23.2,2.5,35.3,50.1
25.8,14.3,40.8,21.1,0.0,3.56,29.2,23.8
39.4,28.0,78.8,13.3,0.0,3.42,37.8,32.6
23.2,14.3,42.1,21.3,0.0,3.23,23.7,18.9
27.5,13.9,34.7,15.9,0.0,3.54,47.7,42.3
27.2,13.6,52.6,10.7,0.0,2.55,30.7,26.9
26.0,12.4,39.6,22.7,0.0,3.74,27.1,21.5
26.0,14.9,66.8,23.0,0.0,2.95,36.8,32.3
22.7,9.2,79.6,12.6,18.9,1.34,50.6,63.7
32.8,22.4,76.8,8.9,0.0,2.35,16.1,12.6
25.3,11.6,61.8,21.1,0.0,2.87,52.6,48.3
32.8,24.8,79.5,8.0,0.0,2.19,36.5,33.2
22.9,14.6,71.9,11.0,0.0,1.48,40.4,38.2
29.5,16.8,78.6,6.2,0.0,1.67,29.3,26.8
33.7,22.8,48.4,6.9,0.0,3.14,20.1,15.4
25.1,11.2,47.4,16.7,0.0,2.93,53.9,49.6
27.7,17.5,63.5,22.4,0.0,3.21,26.9,22.1
38.6,26.4,84.4,23.7,0.0,3.99,48.7,42.8
33.4,21.8,35.6,5.0,24.2,3.34,20.7,35.1
22.9,13.0,62.3,24.0,0.0,2.79,27.4,23.3
40.8,32.6,83.8,6.2,0.0,2.87,17.0,12.7
40.6,32.0,32.8,22.8,20.4,5.72,48.6,56.3
34.0,23.7,80.4,22.4,0.0,3.46,25.4,20.2
27.5,18.1,59.8,22.4,0.0,3.29,50.8,45.9
31.0,21.0,71.7,20.9,0.0,3.24,16.4,11.6
33.8,23.7,40.8,18.9,0.0,4.34,56.1,49.6
28.0,16.6,75.5,13.0,0.0,2.13,47.6,44.4
40.4,30.5,35.8,13.6,0.0,4.87,35.3,28.0
27.2,19.1,47.2,19.3,9.8,3.39,15.9,18.7
36.4,23.2,61.3,5.5,0.0,2.98,34.7,30.3
33.8,22.8,80.4,23.8,5.2,3.54,31.1,29.9
30.4,18.9,72.5,7.7,0.0,2.09,42.5,39.3
41.6,29.7,69.4,8.9,0.0,3.62,18.6,13.1
35.1,26.8,36.3,7.2,9.4,3.7,59.7,61.7
29.0,16.4,37.3,14.1,6.4,3.48,19.5,19.4
30.6,22.2,80.0,14.0,0.0,2.39,59.1,55.5
35.6,22.1,37.4,21.6,0.0,4.87,36.3,29.0
34.9,21.5,80.1,6.8,0.0,2.34,50.7,47.2
36.1,27.9,54.7,21.6,0.0,4.41,33.5,26.9
36.7,25.4,80.2,16.7,0.0,3.34,53.8,48.8
23.0,9.6,68.3,23.8,0.0,2.62,46.3,42.3
38.2,26.0,41.6,10.5,0.0,4.18,35.1,28.8
36.7,26.4,77.3,13.6,2.4,3.18,44.1,41.3
32.8,21.6,73.5,12.5,0.0,2.73,57.5,53.5
22.3,8.9,67.4,15.0,0.0,1.85,52.9,50.1
41.0,29.7,40.0,17.8,16.6,5.15,51.4,56.9
29.1,20.6,68.1,11.8,0.0,2.39,46.0,42.4
41.4,28.9,57.0,17.0,20.7,4.62,42.2,51.8
41.3,27.4,49.5,24.8,0.0,5.45,43.8,35.6
28.7,16.1,44.9,17.6,16.5,3.5,57.8,65.0
26.7,14.0,46.1,19.2,0.0,3.35,23.3,18.3
33.9,20.8,51.0,19.2,0.0,4.08,26.6,20.5
40.4,29.0,49.5,8.3,0.0,4.02,47.9,41.8
34.5,22.1,73.5,13.8,0.0,3.04,59.4,54.8
41.4,30.9,67.7,10.4,19.7,3.76,34.6,44.7
25.5,13.0,80.3,23.7,0.0,2.55,36.6,32.8
24.8,12.1,82.0,22.8,0.0,2.34,15.2,11.7
30.2,19.7,79.2,6.3,0.0,1.75,21.1,18.5
35.2,22.5,65.3,20.9,0.0,3.94,23.5,17.6
29.7,15.9,45.8,6.3,0.0,2.68,31.5,27.5
31.4,20.0,84.6,20.1,18.4,2.84,52.1,62.5
39.9,29.4,47.2,21.8,0.0,5.11,39.1,31.5
24.4,12.4,33.6,7.0,0.0,2.48,31.7,28.0
31.2,21.2,31.9,8.1,11.9,3.44,24.5,28.9
27.9,17.0,43.0,9.9,0.0,2.85,39.7,35.4
39.1,28.0,80.0,10.1,0.0,3.1,37.6,33.0
40.4,29.9,77.0,16.3,0.0,3.84,54.9,49.2
41.9,29.6,47.3,11.0,0.0,4.49,19.4,12.7
23.1,11.6,74.6,5.7,0.0,0.99,31.7,30.2
39.8,31.0,61.0,24.4,0.0,4.91,48.4,41.0
39.6,30.5,84.6,21.2,9.2,3.92,43.1,44.6
39.7,30.5,70.2,10.4,0.0,3.49,45.8,40.5
32.5,20.6,78.2,12.7,0.0,2.57,22.2,18.3
36.0,23.5,54.4,20.9,0.0,4.36,57.1,50.6
24.2,15.5,76.3,21.8,0.0,2.37,58.4,54.8
35.6,21.7,59.3,9.0,0.0,3.21,59.1,54.3
29.4,15.7,73.8,13.8,0.0,2.42,42.3,38.7
35.3,26.9,81.3,16.9,0.0,3.15,43.4,38.7
30.6,19.2,75.6,11.5,0.0,2.33,36.0,32.5
41.1,27.8,72.2,14.3,0.0,3.92,52.7,46.8
32.9,20.5,73.5,15.3,0.0,2.96,23.9,19.5
26.9,13.5,76.2,5.2,0.0,1.36,16.1,14.1
31.2,22.8,83.3,24.4,0.0,3.2,32.6,27.8
32.2,19.7,42.3,13.8,0.0,3.71,32.8,27.2
22.6,11.6,70.6,24.5,14.4,2.56,35.2,42.9
26.8,15.0,39.0,10.7,0.0,2.91,35.7,31.4
41.9,31.6,55.5,11.0,0.0,4.24,56.5,50.1
37.0,27.0,68.5,24.3,8.1,4.33,24.0,24.0
39.4,30.3,46.9,15.9,0.0,4.59,51.4,44.5
30.1,18.9,83.1,10.9,0.0,2.0,47.0,44.0
37.4,26.9,41.7,20.6,0.0,4.89,54.4,47.1
38.9,29.7,75.8,8.5,0.0,3.07,49.7,45.1
33.4,21.5,35.7,5.8,0.0,3.4,52.0,46.9
31.3,22.0,75.9,9.6,0.0,2.25,35.4,32.0
31.3,21.6,79.5,6.8,16.6,1.91,53.3,63.7
23.9,11.5,70.8,16.6,0.0,2.07,29.4,26.3
29.0,17.0,33.6,16.7,0.0,3.81,36.0,30.3
33.2,19.9,61.8,9.5,16.4,2.89,39.5,48.3
35.4,24.7,75.4,23.4,19.1,3.86,16.6,26.1
30.9,20.1,68.3,12.0,0.0,2.62,30.4,26.5
28.9,19.5,67.6,6.5,0.0,1.96,27.0,24.1
26.6,18.2,40.5,13.9,0.0,3.09,27.1,22.5
35.0,25.0,50.2,20.7,0.0,4.35,57.9,51.4
29.2,16.2,70.6,22.8,0.0,3.21,15.3,10.5
23.8,11.7,51.5,21.4,20.6,3.02,21.1,33.0
27.8,14.0,32.8,12.0,21.6,3.31,46.6,59.0
38.0,26.8,49.7,5.0,0.0,3.47,38.2,32.9
35.3,25.9,37.6,9.0,0.0,3.83,21.7,15.9
25.1,16.9,77.1,9.4,0.0,1.45,34.7,32.5
34.6,26.2,62.1,10.8,22.9,3.16,42.2,55.7
26.8,16.3,49.6,19.0,0.0,3.25,15.9,11.0
26.0,15.1,54.5,15.3,0.0,2.71,45.7,41.6
29.5,16.2,33.5,16.7,0.0,3.87,39.7,33.9
31.1,22.3,74.6,12.5,0.0,2.49,23.9,20.2
22.8,13.0,45.5,22.5,0.0,3.17,39.0,34.3
22.4,13.0,65.1,7.0,0.0,1.29,15.5,13.6
35.7,22.6,55.8,21.6,0.0,4.33,45.2,38.7
30.9,21.3,77.3,18.0,0.0,2.83,39.8,35.6
25.4,11.6,40.1,23.2,0.0,3.71,31.8,26.3
30.8,17.3,78.9,21.5,0.0,3.05,15.2,10.6
35.6,25.2,71.6,20.9,0.0,3.8,48.7,43.0
38.8,25.2,62.0,20.6,0.0,4.44,16.9,10.2
25.1,16.3,39.4,5.2,0.0,2.25,40.2,36.8
29.7,19.2,55.5,6.5,0.0,2.41,53.3,49.7
36.9,25.5,56.4,10.2,0.0,3.55,41.9,36.6
36.3,27.3,74.7,11.9,0.0,3.06,42.4,37.8
31.8,20.3,36.1,13.6,0.0,3.82,18.9,13.1
25.8,14.2,40.8,8.6,0.0,2.57,55.7,51.9
37.8,24.3,62.1,13.2,0.0,3.73,26.8,21.2
23.6,13.5,46.5,18.5,0.0,2.91,21.2,16.9
40.2,28.6,55.2,23.7,20.2,5.06,31.4,39.9
35.9,22.3,58.5,5.5,9.6,2.99,50.2,53.4
27.8,17.8,73.1,7.3,0.0,1.72,27.0,24.4
23.0,14.3,82.4,14.0,0.0,1.41,38.5,36.3
35.6,25.7,69.9,10.0,14.6,2.98,21.8,29.0
40.8,32.8,71.6,10.6,0.0,3.6,17.7,12.3
41.1,32.5,73.3,15.3,0.0,3.95,27.6,21.7
38.8,29.6,69.7,13.9,0.0,3.68,42.5,37.0
24.1,13.6,33.6,10.7,0.0,2.74,53.4,49.3
38.8,30.7,59.3,9.5,0.0,3.63,16.0,10.5
37.0,23.3,42.1,11.8,0.0,4.12,56.9,50.7
22.2,10.7,77.9,8.7,0.0,1.02,17.3,15.7
38.3,28.6,84.4,23.4,0.0,3.94,37.4,31.4
37.3,28.5,47.1,5.5,0.0,3.51,51.2,46.0
40.9,28.8,70.3,22.9,0.0,4.64,37.1,30.1
24.2,13.4,60.6,17.6,0.0,2.5,56.3,52.5
29.9,21.2,41.8,8.5,0.0,3.01,54.4,49.9
30.8,19.4,39.9,14.9,0.0,3.68,49.8,44.3
23.6,10.5,45.1,18.3,17.5,2.95,16.6,26.2
34.0,22.1,43.4,23.7,22.5,4.68,32.2,43.2
36.3,24.4,39.3,11.4,0.0,4.09,53.1,47.0
41.1,33.0,49.4,18.4,0.0,4.92,57.4,50.1
22.3,11.7,66.8,9.4,0.0,1.43,18.7,16.5
31.0,19.0,44.7,6.5,0.0,2.9,56.1,51.8
40.5,26.7,40.2,8.2,22.5,4.31,48.9,60.4
34.7,21.1,61.6,7.6,5.0,2.92,28.8,28.5
29.6,16.8,40.5,19.5,0.0,3.9,60.0,54.1
37.5,23.7,48.8,7.5,0.0,3.64,20.6,15.1
31.8,22.2,57.0,24.0,0.0,4.03,59.7,53.7
26.6,17.3,60.0,21.8,0.0,3.14,47.6,42.8
27.7,19.5,38.9,12.0,0.0,3.11,56.4,51.7
26.0,13.7,61.8,6.0,0.0,1.75,36.9,34.2
35.4,25.6,81.4,14.0,0.0,2.92,29.2,24.9
37.0,25.2,70.8,10.8,0.0,3.19,32.9,28.1
25.8,13.6,48.1,11.5,0.0,2.57,35.4,31.5
37.4,24.4,74.2,17.4,0.0,3.66,48.1,42.6
22.8,10.0,72.9,18.4,24.9,2.02,49.0,65.0
36.7,28.3,51.9,6.7,0.0,3.38,40.7,35.6
39.6,29.9,64.3,8.3,0.0,3.48,57.6,52.4
37.0,25.7,43.8,12.6,10.1,4.13,21.8,23.7
37.9,29.4,40.4,18.8,0.0,4.84,58.4,51.1
38.7,29.5,45.7,22.4,0.0,5.07,43.8,36.2
28.3,18.9,76.9,9.1,0.0,1.81,58.6,55.8
36.1,26.6,45.5,6.9,0.0,3.52,38.3,33.0
26.1,16.8,30.5,24.6,0.0,4.19,32.7,26.5
40.9,28.9,71.3,18.6,0.0,4.26,22.7,16.3
33.2,20.2,31.1,7.5,0.0,3.66,28.3,22.8
25.7,13.9,46.2,8.2,0.0,2.35,46.3,42.8
26.9,16.8,70.7,20.8,23.5,2.77,50.3,65.0
39.1,30.3,37.9,11.1,4.1,4.45,21.4,18.0
36.2,28.1,34.6,23.9,14.4,5.22,43.9,47.6
41.2,27.8,54.2,23.8,0.0,5.22,45.1,37.3
27.2,15.4,59.6,17.1,0.0,2.85,22.8,18.5
28.0,15.6,39.0,11.9,0.0,3.14,57.2,52.5
23.5,12.4,34.5,12.6,16.9,2.79,49.1,58.5
26.9,14.7,54.6,10.7,0.0,2.45,32.1,28.4
26.6,14.1,73.9,21.0,0.0,2.66,22.6,18.6
38.8,28.8,71.1,21.3,0.0,4.23,32.5,26.2
40.8,28.8,61.7,19.0,11.0,4.56,54.7,56.6
25.2,14.7,52.3,12.1,0.0,2.43,59.8,56.2
27.1,14.9,71.7,16.7,15.2,2.44,57.9,65.0
28.8,17.0,82.8,21.0,0.0,2.65,58.7,54.7
25.4,12.8,52.4,12.2,0.0,2.45,16.5,12.8
28.3,19.3,37.6,11.7,0.0,3.2,24.0,19.2
32.6,20.1,43.3,23.5,0.0,4.5,26.3,19.6
41.8,29.8,45.7,18.6,0.0,5.13,42.3,34.6
36.2,26.6,83.8,22.2,0.0,3.61,16.2,10.8
33.8,21.6,77.0,23.9,0.0,3.66,33.3,27.8
39.9,31.9,49.3,7.3,0.0,3.89,56.8,50.9
27.1,16.9,84.1,16.3,0.0,2.04,37.5,34.5
35.9,22.2,50.2,8.5,2.5,3.48,40.0,36.7
40.6,28.3,84.6,23.2,0.0,4.19,36.9,30.6
34.6,25.9,63.4,14.3,0.0,3.39,40.4,35.3
28.2,16.6,50.1,8.9,0.0,2.59,28.8,24.9
39.8,30.6,63.0,16.4,12.1,4.2,45.4,48.8
28.4,19.7,63.8,9.5,0.0,2.25,52.8,49.4
24.5,13.8,54.5,17.7,0.0,2.71,33.8,29.8
22.2,13.5,61.3,9.3,9.5,1.57,22.4,27.6
23.2,13.5,39.0,21.0,19.2,3.29,32.2,42.6
35.5,27.2,80.6,20.3,7.0,3.47,44.0,44.4
40.4,29.8,56.7,9.8,0.0,3.93,27.9,22.0
29.0,20.9,32.3,18.6,0.0,4.0,29.9,23.9
39.7,30.1,51.8,19.6,0.0,4.78,53.8,46.6
22.6,13.5,65.2,11.8,15.5,1.69,32.7,42.5
29.3,19.7,30.3,8.6,0.0,3.3,27.4,22.5
39.5,30.6,78.1,13.1,0.0,3.44,28.7,23.5
28.6,17.6,49.5,17.9,0.0,3.38,45.2,40.2
34.1,24.6,74.7,21.0,0.0,3.53,22.9,17.6
39.0,25.7,65.3,15.1,0.0,3.93,58.8,52.9
34.8,24.7,74.9,6.8,0.0,2.47,59.3,55.6
38.3,24.6,62.7,13.2,0.0,3.77,28.9,23.3
37.1,25.8,42.6,5.3,0.0,3.61,39.6,34.2
25.7,15.2,63.8,19.3,17.3,2.71,17.6,27.3
22.6,13.6,66.0,6.1,4.7,1.21,57.7,59.7
40.1,31.6,46.7,23.9,4.2,5.33,18.9,14.2
41.5,29.1,41.8,5.9,0.0,4.2,34.1,27.8
34.0,24.3,71.7,8.9,0.0,2.64,25.4,21.4
24.0,13.1,74.7,12.7,14.7,1.65,45.6,54.9
36.8,26.4,35.3,16.7,0.0,4.69,57.6,50.6
32.1,21.2,47.0,11.8,0.0,3.38,28.8,23.7
39.8,29.2,46.1,8.1,0.0,4.05,16.2,10.1
31.0,19.7,48.7,20.0,0.0,3.86,58.7,52.9
32.2,20.9,43.5,12.7,17.9,3.57,29.0,38.0
32.8,23.3,64.2,14.0,0.0,3.13,57.4,52.7
36.1,26.6,57.7,14.3,0.0,3.75,52.5,46.9
27.7,14.7,39.9,20.3,0.0,3.74,28.4,22.8
39.0,28.5,84.5,8.0,0.0,2.79,48.0,43.8
22.1,13.2,31.1,24.9,0.0,3.71,31.8,26.2
25.1,16.6,59.3,24.5,0.0,3.2,31.4,26.6
32.0,18.0,58.5,24.3,18.6,4.03,43.2,52.0
35.7,24.3,32.4,8.0,0.0,3.95,25.5,19.6
41.9,29.8,54.4,23.4,0.0,5.26,34.3,26.4
23.4,10.2,72.1,20.8,0.0,2.31,27.4,23.9
39.2,31.2,43.1,5.9,14.2,3.88,16.7,22.3
25.6,16.2,66.0,14.4,0.0,2.24,49.6,46.2
31.1,21.0,82.9,5.2,0.0,1.66,42.4,39.9
37.7,24.8,32.5,19.2,0.0,5.08,24.6,17.0
24.3,11.8,43.7,5.0,0.0,2.0,16.4,13.4
27.0,17.0,44.9,23.4,0.0,3.76,36.0,30.4
41.1,27.9,47.0,11.5,0.0,4.45,56.3,49.6
22.2,11.8,76.7,13.2,0.0,1.42,46.1,44.0
26.1,15.4,61.1,19.3,0.0,2.84,49.2,44.9
22.6,10.5,57.4,16.5,0.0,2.31,47.1,43.7
35.5,24.0,77.4,7.0,0.0,2.5,37.3,33.5
41.2,32.7,48.5,23.5,0.0,5.37,53.9,45.9
28.2,15.1,57.8,17.4,0.0,3.04,46.8,42.2
28.6,18.5,65.0,9.8,0.0,2.26,31.6,28.2
37.6,28.2,73.3,18.9,0.0,3.82,36.4,30.6
36.9,28.8,46.8,18.6,0.0,4.51,15.1,10.0
32.2,18.7,77.5,5.5,0.0,1.98,15.2,12.2
37.8,27.9,72.1,23.9,0.0,4.28,55.2,48.8
26.1,16.9,64.4,15.9,11.0,2.47,55.8,60.9
40.0,30.7,51.0,16.2,0.0,4.56,38.9,32.1
41.4,28.6,82.4,19.6,0.0,4.06,52.4,46.3
27.1,17.7,77.5,6.7,0.0,1.46,51.9,49.7
38.3,29.4,56.8,14.6,0.0,4.05,56.3,50.2
35.1,21.2,33.7,12.9,0.0,4.23,34.0,27.7
27.2,13.3,78.0,15.9,0.0,2.2,15.3,12.0
41.6,28.8,32.0,8.5,0.0,4.72,18.9,11.8
40.8,26.8,78.8,19.8,0.0,4.12,18.7,12.5
36.6,26.2,61.4,10.9,0.0,3.42,29.6,24.5
38.3,27.7,47.1,13.7,22.5,4.27,39.8,51.4
24.1,14.4,84.1,16.9,0.0,1.72,34.2,31.6
27.2,19.0,76.3,10.8,0.0,1.84,36.5,33.8
25.7,12.8,50.7,19.2,0.0,3.09,58.3,53.7
23.7,15.7,60.2,10.3,0.0,1.86,18.3,15.5
32.0,23.3,76.1,20.2,21.2,3.18,29.6,41.8
29.1,20.0,75.9,13.1,24.2,2.26,26.5,42.5
40.7,30.9,75.7,18.3,0.0,4.08,58.9,52.8
39.4,29.0,74.8,19.2,23.4,4.03,36.0,48.6
24.7,14.1,63.2,16.5,0.0,2.38,26.5,22.9
34.7,21.2,51.4,17.6,0.0,4.03,17.2,11.1
33.7,25.4,69.8,18.4,0.0,3.42,33.5,28.4
40.4,32.3,61.0,23.5,0.0,4.89,41.3,34.0
29.6,21.0,39.6,18.6,22.3,3.86,41.5,53.5
22.9,13.5,62.7,5.7,0.0,1.32,56.4,54.4
41.2,28.8,77.1,17.2,0.0,4.01,47.1,41.1
26.5,17.8,71.9,24.2,0.0,2.95,36.7,32.3
32.7,21.8,54.3,23.9,0.0,4.21,18.6,12.3
37.3,27.0,69.1,16.6,0.0,3.73,17.8,12.2
22.7,12.4,68.1,9.5,0.0,1.44,59.1,57.0
26.3,13.2,75.4,22.8,0.0,2.72,37.8,33.7
35.6,23.9,47.0,10.6,0.0,3.71,24.8,19.3
37.1,23.4,77.7,9.4,19.4,2.87,32.6,43.8
38.5,25.8,64.4,10.1,7.8,3.5,37.9,38.9
41.6,33.2,41.0,17.5,0.0,5.16,53.6,45.9
24.8,11.0,80.2,22.8,9.6,2.39,51.2,55.3
38.2,25.9,54.6,11.2,0.0,3.84,21.3,15.5
22.9,14.8,72.6,6.1,0.0,1.06,31.5,29.9
24.9,12.5,33.0,11.4,0.0,2.91,33.1,28.7
27.2,13.6,81.2,13.3,0.0,1.89,28.8,26.0
39.1,27.7,34.9,22.1,0.0,5.41,33.7,25.6
28.8,20.2,82.6,19.8,13.8,2.56,40.0,47.2
25.4,14.8,65.5,10.7,0.0,1.93,20.5,17.6
30.3,18.8,36.4,17.3,0.0,3.92,45.5,39.6
28.3,16.9,63.7,18.8,0.0,2.99,21.1,16.7
41.3,28.2,60.9,22.8,0.0,4.95,16.5,10.0
36.5,22.9,38.9,17.9,0.0,4.65,55.7,48.8
27.5,18.8,43.6,16.6,0.0,3.32,41.2,36.2
40.4,27.8,62.9,5.4,0.0,3.39,17.6,12.5
28.4,20.1,39.2,13.2,0.0,3.29,24.8,19.8
36.7,25.1,68.0,19.7,0.0,3.93,57.1,51.2
26.7,17.1,35.2,16.9,0.0,3.5,37.3,32.1
25.4,13.5,64.0,10.3,0.0,1.95,55.2,52.3
37.5,28.1,78.3,6.3,0.0,2.65,18.6,14.6
40.5,32.2,38.3,23.3,0.0,5.57,50.8,42.4
22.3,11.8,84.1,16.6,0.0,1.48,58.4,56.1
35.7,25.7,47.0,6.4,0.0,3.39,56.2,51.1
31.6,18.1,74.9,24.7,0.0,3.51,46.8,41.5
39.4,26.9,68.7,19.3,0.0,4.22,32.1,25.7
30.5,20.7,38.2,14.2,0.0,3.65,44.3,38.8
23.1,10.3,81.4,21.6,0.0,2.06,21.8,18.7
29.0,17.6,34.2,7.1,0.0,3.02,46.6,42.1
27.5,17.5,51.1,6.5,0.0,2.29,23.0,19.5
38.1,25.0,65.1,20.4,15.2,4.25,45.5,51.3
35.2,26.5,48.9,11.5,0.0,3.68,49.4,43.9
33.4,20.9,35.4,22.6,0.0,4.75,16.7,10.0
34.9,23.8,42.1,20.3,0.0,4.54,29.5,22.7
31.9,23.1,81.1,11.4,13.0,2.3,16.9,23.9
27.1,18.7,37.0,7.2,0.0,2.72,56.9,52.8
31.5,19.7,68.3,12.8,0.0,2.76,45.4,41.3
29.5,18.0,58.3,15.5,0.0,3.03,46.7,42.1
41.2,28.5,38.0,19.8,0.0,5.39,44.1,36.0
31.6,23.2,82.3,22.0,0.0,3.09,22.1,17.5
38.5,27.9,51.5,18.3,0.0,4.54,17.8,11.0
37.4,24.9,62.4,11.8,4.4,3.55,15.1,13.2
26.1,15.7,43.4,11.2,0.0,2.73,28.9,24.8
36.5,25.5,31.1,9.5,0.0,4.21,28.5,22.2
40.4,28.1,45.9,15.3,0.0,4.7,23.7,16.7
26.9,15.9,80.9,11.9,0.0,1.76,23.6,20.9
33.9,21.4,54.2,20.0,0.0,4.04,46.8,40.8
27.2,14.5,75.7,21.0,0.0,2.67,46.2,42.2
32.8,18.9,49.9,20.4,0.0,4.07,32.9,26.8
24.2,14.8,39.0,8.2,20.3,2.39,36.1,48.7
38.1,26.4,75.7,15.1,16.2,3.5,45.5,53.2
34.5,21.7,70.2,13.7,0.0,3.13,46.1,41.4
24.4,13.2,70.1,16.1,0.0,2.11,19.6,16.4
36.4,23.5,68.6,12.7,0.0,3.33,41.4,36.4
29.9,16.6,36.0,17.8,14.4,3.93,47.2,52.8
25.3,13.1,37.7,17.4,0.0,3.3,28.4,23.5
24.2,11.8,51.0,6.7,0.0,1.92,25.5,22.6
36.7,25.3,40.7,6.5,0.0,3.71,16.1,10.6
23.3,11.1,59.6,11.5,0.0,1.93,41.6,38.7
33.3,21.5,81.7,12.8,0.0,2.57,16.7,12.9
24.9,16.3,48.4,17.2,18.7,2.92,32.9,43.5
41.3,29.9,72.4,22.2,0.0,4.56,38.3,31.5
29.9,18.6,52.1,9.8,0.0,2.81,25.5,21.3
27.4,18.8,53.5,9.7,0.0,2.46,50.6,47.0
31.0,17.2,38.1,22.0,0.0,4.33,57.0,50.5
26.5,14.1,33.4,17.6,0.0,3.59,45.2,39.8
34.7,21.2,64.5,13.2,17.1,3.29,20.2,29.0
38.6,29.1,58.8,16.9,0.0,4.22,44.9,38.5
27.0,18.8,82.8,11.4,0.0,1.67,37.8,35.3
35.4,26.7,58.5,12.8,0.0,3.52,58.5,53.2
24.7,12.2,48.2,10.8,0.0,2.39,30.7,27.1
29.1,19.5,66.7,6.0,0.0,1.97,27.6,24.7
37.0,28.1,81.7,8.4,0.0,2.66,24.0,20.0
27.7,15.2,56.2,8.3,7.3,2.3,57.6,59.9
38.9,28.3,56.5,23.0,0.0,4.81,54.6,47.4
31.8,22.6,69.9,15.5,0.0,2.96,22.1,17.6
35.0,24.7,48.3,18.4,0.0,4.22,44.2,37.9
41.3,29.1,65.2,17.3,0.0,4.38,52.8,46.2
29.6,17.4,46.1,8.0,16.6,2.81,29.8,38.8
27.5,15.9,31.4,9.9,0.0,3.15,46.9,42.2
32.9,19.8,48.4,10.9,23.9,3.37,37.6,51.6
32.1,18.5,45.9,11.6,0.0,3.4,50.3,45.2
36.0,23.3,61.6,22.3,0.0,4.25,25.3,18.9
32.8,20.6,65.9,9.9,7.8,2.75,59.3,61.4
25.7,14.9,65.1,22.6,0.0,2.94,55.9,51.5
34.1,20.9,44.5,13.6,0.0,3.84,29.7,23.9
39.4,29.2,50.0,11.2,0.0,4.13,20.8,14.6
22.7,9.3,81.1,6.5,0.0,0.82,39.3,38.1
29.4,18.0,55.2,14.8,0.0,3.06,38.7,34.1
28.5,17.0,65.2,18.2,0.0,2.92,44.9,40.5
28.2,17.5,66.8,20.1,0.0,2.99,31.4,27.0
36.3,27.0,30.5,14.4,10.7,4.6,28.1,29.8
37.5,27.6,65.2,18.5,0.0,4.03,18.6,12.6
36.0,27.6,35.5,8.9,0.0,3.97,53.1,47.1
35.5,25.2,83.8,9.9,0.0,2.53,53.1,49.3
38.0,29.5,68.4,10.2,0.0,3.33,37.0,32.0
37.8,28.8,36.0,8.1,0.0,4.1,17.7,11.5
40.5,30.6,39.7,17.8,0.0,5.09,48.9,41.3
36.4,28.1,73.0,15.0,0.0,3.38,58.0,53.0
38.2,25.3,40.0,14.5,0.0,4.55,41.2,34.4
24.1,11.7,32.4,19.8,0.0,3.5,34.1,28.9
30.3,20.4,78.2,16.0,0.0,2.56,44.8,40.9
28.0,17.4,70.8,24.7,3.0,3.21,34.3,31.8
35.2,24.9,85.0,8.9,6.4,2.39,54.9,56.4
24.9,14.0,53.1,18.3,17.2,2.86,31.0,40.4
40.5,27.4,52.0,24.9,20.1,5.29,34.5,42.7
30.7,21.6,58.3,6.7,0.0,2.47,25.9,22.2
36.5,24.9,71.1,20.0,2.0,3.85,31.5,27.3
40.4,28.9,70.0,22.6,0.0,4.55,38.8,32.0
32.8,19.7,74.4,19.0,0.0,3.22,42.8,37.9
29.3,16.2,64.0,9.5,0.0,2.35,53.8,50.2
34.5,24.1,40.3,17.2,12.8,4.31,45.5,49.3
33.3,19.8,32.2,10.6,6.5,3.88,20.6,19.9
36.7,26.4,80.9,5.5,0.0,2.41,58.7,55.1
25.5,14.9,68.6,17.7,0.0,2.42,29.7,26.1
36.6,24.6,39.0,24.3,0.0,5.16,38.6,30.9
39.0,27.1,34.1,15.1,0.0,4.86,46.5,39.2
41.4,33.3,44.4,16.0,0.0,4.92,27.3,20.0
38.5,29.5,30.0,24.0,0.0,5.65,58.1,49.6
27.6,19.2,72.5,21.7,0.0,2.87,18.3,14.0
35.1,26.0,76.7,10.5,0.0,2.75,34.2,30.1
33.9,21.2,32.2,21.4,10.2,4.82,36.3,37.2
39.9,31.8,60.8,17.9,0.0,4.39,28.1,21.5
31.8,22.7,55.7,20.3,0.0,3.77,32.3,26.7
34.3,26.3,60.3,24.5,0.0,4.27,41.8,35.4
37.2,25.6,53.0,8.1,0.0,3.52,28.3,23.0
35.9,25.3,76.7,8.9,0.0,2.72,40.1,36.0
24.5,13.0,46.0,9.6,10.0,2.33,56.8,61.3
22.6,9.5,51.9,16.2,0.0,2.46,56.7,53.0
37.4,23.5,73.7,10.9,0.0,3.15,59.3,54.5
24.5,11.1,66.5,23.4,0.0,2.81,55.1,50.9
39.7,31.0,37.9,7.4,10.1,4.22,45.8,47.5
29.1,16.8,75.1,18.3,0.0,2.7,28.3,24.2
24.5,13.5,69.6,16.0,0.0,2.13,30.1,26.9
23.3,10.7,42.1,17.3,0.0,2.92,21.3,16.9
34.0,21.8,71.1,8.0,0.0,2.58,19.2,15.4
32.4,21.7,42.2,11.0,11.8,3.5,16.6,20.8
39.8,30.8,78.7,22.3,0.0,4.19,37.4,31.1
28.0,14.1,66.9,24.0,0.0,3.28,54.7,49.8
31.0,17.8,37.2,17.7,0.0,4.02,44.5,38.5
30.9,18.8,43.2,16.9,0.0,3.77,29.3,23.7
37.6,29.1,39.4,14.4,0.0,4.48,40.9,34.2
38.8,27.7,73.2,11.5,0.0,3.39,33.1,28.0
33.2,24.1,80.6,19.0,0.0,3.08,24.4,19.7
23.4,13.3,58.4,21.0,0.0,2.73,27.1,23.1
29.5,17.2,48.5,24.6,19.3,4.05,41.5,50.9
26.7,14.1,54.6,18.6,0.0,3.05,20.0,15.4
38.8,26.7,72.9,14.0,9.5,3.58,55.6,57.8
40.8,29.9,46.4,19.6,0.0,5.07,51.7,44.1
22.6,14.6,49.6,8.0,0.0,1.87,39.0,36.2
38.5,29.4,64.5,16.6,0.0,4.01,38.3,32.3
33.8,20.4,33.1,21.5,0.0,4.78,47.9,40.8
36.7,27.4,58.8,19.1,0.0,4.18,32.3,26.1
40.8,29.7,83.3,16.3,0.0,3.7,48.4,42.8
35.2,27.1,34.3,16.6,0.0,4.53,42.1,35.3
26.7,16.8,64.3,16.9,0.0,2.63,38.8,34.9
29.1,18.0,73.2,15.8,0.0,2.56,30.2,26.4
37.1,28.7,45.1,8.1,0.0,3.75,19.1,13.4
37.2,25.4,64.8,20.3,0.0,4.14,33.0,26.8
27.8,16.2,81.1,23.5,0.0,2.78,55.8,51.6
41.3,28.5,52.4,14.7,0.0,4.55,45.2,38.3
38.4,29.7,40.7,11.9,22.8,4.34,24.8,36.5
33.1,24.6,38.5,9.9,0.0,3.62,50.9,45.4
35.5,22.0,82.6,14.1,0.0,2.9,29.2,24.8
22.7,13.0,49.5,5.7,0.0,1.7,53.2,50.6
27.0,14.2,73.8,11.7,0.0,1.97,28.0,25.1
23.4,12.4,54.1,7.8,0.0,1.81,57.7,55.0
36.6,24.2,71.7,19.9,23.3,3.84,52.4,65.0
27.5,16.2,63.8,7.6,0.0,2.0,16.0,13.0
39.3,31.1,47.5,6.6,0.0,3.81,56.6,50.9
33.3,24.4,60.7,20.4,0.0,3.8,48.4,42.7
27.6,19.1,38.2,24.1,0.0,4.09,47.8,41.6
40.0,26.9,42.0,6.2,0.0,4.03,59.2,53.1
33.3,20.0,42.7,7.2,0.0,3.3,51.5,46.6
35.1,23.3,31.0,11.3,0.0,4.19,21.0,14.8
36.5,24.0,70.3,24.8,0.0,4.26,45.7,39.3
25.9,15.5,57.0,9.3,0.0,2.14,47.2,44.0
27.7,18.9,45.8,17.5,0.0,3.34,37.6,32.6
24.0,14.6,49.0,17.7,0.0,2.83,25.5,21.3
27.7,16.2,57.1,21.8,0.0,3.36,45.0,40.0
25.1,16.8,58.0,6.4,0.0,1.78,16.2,13.5
25.5,16.9,74.1,11.9,8.1,1.8,45.7,49.5
36.9,28.2,72.8,12.4,0.0,3.24,45.2,40.4
37.9,25.7,32.1,15.4,24.3,4.81,26.5,38.7
30.4,21.2,37.4,17.0,0.0,3.89,31.9,26.0
23.7,11.3,30.3,14.2,0.0,3.07,34.4,29.8
24.5,11.9,47.8,7.7,0.0,2.12,15.9,12.7
28.5,16.0,80.2,16.8,0.0,2.36,24.9,21.4
34.1,23.6,39.7,20.7,0.0,4.56,29.5,22.6
23.2,11.0,45.1,9.7,0.0,2.21,54.3,51.0
32.4,23.4,72.6,9.2,0.0,2.44,40.6,36.9
33.7,25.3,76.0,14.6,0.0,2.93,47.3,42.9
41.9,31.1,37.7,19.5,0.0,5.45,53.4,45.2
28.0,17.0,77.2,22.3,17.4,2.83,42.1,51.8
23.7,10.1,54.5,18.5,0.0,2.68,20.9,16.8
39.1,26.8,76.2,14.9,17.4,3.6,31.9,40.4
30.0,19.4,57.1,18.2,0.0,3.35,50.0,44.9
35.4,22.6,36.7,21.7,0.0,4.89,38.8,31.5
30.7,19.8,45.7,8.4,12.4,2.98,20.6,26.1
26.9,18.1,36.0,22.6,0.0,3.96,56.6,50.6
34.9,21.8,60.5,14.3,0.0,3.51,29.4,24.1
35.2,21.8,73.0,14.2,0.0,3.17,59.3,54.6
31.9,18.7,30.3,6.3,19.8,3.42,18.6,29.3
22.3,13.5,46.8,14.3,13.5,2.42,26.2,33.3
27.5,14.6,84.3,14.3,0.0,1.91,56.9,54.1
32.0,19.6,52.8,9.1,0.0,2.98,44.9,40.4
31.2,21.6,75.7,10.5,0.0,2.31,32.3,28.8
31.4,22.2,65.7,9.5,0.0,2.56,29.8,25.9
41.3,27.4,71.4,24.7,24.8,4.78,19.7,32.3
30.3,20.9,82.5,17.7,0.0,2.58,59.9,56.0
34.2,22.4,32.5,22.2,0.0,4.91,58.2,50.8
26.4,17.1,50.1,11.2,0.0,2.56,42.2,38.4
38.1,24.5,33.7,10.6,0.0,4.41,31.1,24.5
30.5,20.2,82.4,13.7,0.0,2.29,48.7,45.3
36.5,25.0,77.3,17.5,0.0,3.46,28.6,23.4
24.6,11.7,51.0,18.0,0.0,2.87,29.7,25.4
32.1,18.7,78.4,20.0,0.0,3.1,55.4,50.7
36.7,26.7,36.6,13.4,4.7,4.38,57.8,54.9
35.5,22.4,65.4,13.4,24.0,3.37,18.2,32.3
34.2,25.6,45.6,8.7,0.0,3.43,54.9,49.8
34.7,22.7,80.0,20.0,0.0,3.36,33.7,28.7
39.3,27.4,37.5,5.8,0.0,4.06,32.0,25.9
38.8,26.3,82.5,16.2,0.0,3.47,27.4,22.2
35.6,23.4,76.7,15.7,0.0,3.23,24.1,19.3
36.7,23.7,62.7,7.3,0.0,3.11,36.4,31.7
35.5,25.6,76.2,12.4,20.3,2.97,44.0,55.7
38.0,27.9,31.0,6.5,20.5,4.15,28.6,38.8
42.0,29.4,63.1,24.7,0.0,5.12,22.5,14.8
36.7,27.1,82.9,24.8,0.0,3.9,57.5,51.7
34.3,22.2,35.2,20.3,0.0,4.68,52.8,45.8
41.2,32.0,34.3,14.7,0.0,5.09,49.7,42.0
35.9,23.0,39.6,18.0,0.0,4.57,21.9,15.0
30.3,17.2,83.4,18.3,0.0,2.6,20.9,17.0
41.5,33.3,59.0,10.8,0.0,4.08,24.8,18.7
22.2,11.7,33.5,10.8,0.0,2.53,28.3,24.5
26.9,18.0,37.4,15.5,0.0,3.35,35.4,30.3
24.5,12.6,60.6,12.6,0.0,2.13,23.2,20.0
24.9,14.9,32.3,13.7,0.0,3.12,57.4,52.7
34.5,22.8,50.6,7.7,0.0,3.24,41.9,37.1
36.5,23.5,44.1,9.8,0.0,3.84,40.5,34.7
26.4,14.8,49.0,17.8,0.0,3.12,41.7,37.0
37.4,23.5,80.1,15.1,0.0,3.29,34.7,29.8
22.6,13.6,33.3,18.9,0.0,3.22,17.9,13.0
35.8,23.9,69.6,17.0,3.4,3.57,51.8,49.1
26.3,15.1,56.7,23.4,0.0,3.33,41.1,36.1
28.4,14.6,63.7,5.1,0.0,1.9,31.4,28.5
22.6,12.1,72.5,15.1,0.0,1.75,43.8,41.2
35.4,25.1,50.4,5.1,23.9,3.15,52.9,65.0
27.5,17.1,81.7,10.0,0.0,1.65,16.0,13.5
34.4,20.8,78.7,15.0,0.0,2.97,40.6,36.2
23.3,14.4,83.0,10.1,0.0,1.12,37.9,36.2
41.6,29.4,64.6,15.5,0.0,4.29,44.9,38.4
40.1,28.8,53.2,21.1,0.0,4.9,22.6,15.3
26.7,13.0,54.4,15.4,0.0,2.81,36.6,32.4
36.9,26.0,47.3,6.9,0.0,3.56,54.2,48.9
37.8,25.7,58.4,22.9,0.0,4.62,51.7,44.8
28.2,17.7,68.9,12.4,0.0,2.31,44.1,40.6
30.8,18.0,36.4,19.4,23.6,4.15,29.1,41.8
37.9,26.8,35.0,16.7,0.0,4.83,22.1,14.8
28.4,17.8,45.1,23.9,0.0,3.97,44.6,38.7
26.5,17.2,39.7,13.7,0.0,3.08,15.5,10.9
38.7,27.6,38.6,6.3,7.9,3.99,37.5,37.8
39.2,25.8,75.8,11.6,0.0,3.36,59.4,54.4
35.6,25.8,48.1,13.7,0.0,3.93,55.4,49.5
26.0,17.5,52.3,9.9,0.0,2.34,46.5,43.0
28.2,16.1,48.9,17.7,0.0,3.34,27.5,22.5
34.7,24.4,48.5,10.8,0.0,3.57,50.4,45.0
26.9,14.8,79.5,12.0,2.6,1.8,21.3,20.6
24.2,11.7,46.2,18.1,8.8,2.96,25.5,28.1
27.5,18.4,64.0,18.3,19.0,2.85,26.3,37.2
27.7,14.7,79.6,21.5,25.0,2.65,45.2,61.3
32.2,18.5,75.0,18.8,0.0,3.12,32.3,27.7
35.7,26.5,84.3,16.8,0.0,3.09,33.3,28.7
37.2,26.8,62.5,20.6,10.2,4.23,39.5,41.3
28.7,18.8,45.5,9.6,0.0,2.84,56.6,52.3
36.0,27.8,73.2,15.6,0.0,3.37,34.7,29.6
22.8,10.7,54.4,22.5,0.0,2.9,31.2,26.8
36.5,25.5,41.0,13.4,0.0,4.22,15.2,10.0
26.9,17.7,30.2,20.7,12.3,3.98,33.8,37.7
25.6,11.8,63.2,21.3,0.0,2.88,47.5,43.2
41.4,31.3,57.7,15.3,0.0,4.46,25.5,18.8
35.5,26.7,81.0,16.8,0.0,3.18,55.3,50.5
33.1,21.1,68.4,14.2,0.0,3.06,23.4,18.8
29.7,15.7,44.8,20.2,12.8,3.84,17.6,22.1
31.5,23.4,63.7,16.7,0.0,3.21,41.2,36.4
40.5,27.8,37.3,10.3,10.9,4.57,37.9,39.8
40.9,29.8,73.0,10.4,20.6,3.55,26.1,37.3
39.4,30.4,76.8,20.5,0.0,4.06,53.3,47.2
28.6,19.6,38.6,10.4,0.0,3.11,54.4,49.8
23.8,10.3,80.9,19.5,0.0,1.99,49.6,46.7
32.6,21.0,64.6,7.5,14.0,2.57,20.2,27.6
41.3,30.3,50.9,8.2,0.0,4.08,28.6,22.5
23.8,10.0,44.6,18.8,23.0,3.02,41.6,55.5
35.1,22.4,63.3,6.4,0.0,2.83,26.8,22.5
31.7,21.3,75.5,9.9,0.0,2.34,58.1,54.6
41.0,27.0,61.3,7.3,0.0,3.66,21.5,16.0
25.1,16.0,65.9,7.1,0.0,1.61,17.6,15.2
24.2,13.6,50.9,24.8,0.0,3.36,23.5,18.5
40.9,28.8,52.5,19.8,0.0,4.92,23.1,15.7
25.9,15.5,39.3,12.2,0.0,2.91,51.6,47.2
28.0,18.3,72.9,12.6,0.0,2.19,59.7,56.4
41.6,29.6,50.6,6.3,0.0,3.98,59.0,53.0
23.4,15.3,75.7,7.0,22.9,1.09,18.6,35.3
24.3,12.9,71.6,13.0,0.0,1.8,43.5,40.8
32.1,24.0,36.2,16.6,0.0,4.1,49.3,43.2
36.8,24.2,32.4,22.9,0.0,5.27,38.9,31.0
27.0,15.4,60.7,9.5,0.0,2.17,50.9,47.6
38.1,29.8,40.8,18.4,0.0,4.82,38.5,31.2
36.2,28.0,63.5,24.2,0.0,4.37,56.5,49.9
33.3,20.3,36.8,7.5,13.2,3.49,29.9,35.2
36.4,23.0,64.1,9.3,0.0,3.19,38.8,34.0
36.4,23.1,84.4,15.1,0.0,3.04,40.5,35.9
31.7,20.5,56.6,13.4,0.0,3.18,26.2,21.5
34.3,22.0,79.1,11.6,0.0,2.68,57.5,53.5
35.0,22.3,52.3,24.0,0.0,4.55,29.0,22.1
30.1,18.4,42.9,20.1,0.0,3.93,41.6,35.7
35.9,22.8,70.4,21.0,0.0,3.88,41.9,36.1
38.9,29.5,74.8,9.4,0.0,3.18,29.8,25.1
25.4,16.5,40.3,14.0,0.0,2.96,56.1,51.7
29.6,20.3,70.9,7.7,0.0,2.04,33.4,30.4
34.3,25.2,38.0,21.0,0.0,4.65,59.4,52.4
32.5,19.4,83.9,10.6,0.0,2.23,16.0,12.6
35.6,23.1,56.3,8.2,0.0,3.24,55.4,50.5
40.6,28.1,44.5,22.4,0.0,5.33,31.5,23.5
25.7,12.4,78.7,7.0,0.0,1.28,39.0,37.1
41.9,31.2,59.3,10.3,0.0,4.07,35.0,28.9
38.3,29.8,73.4,14.8,7.2,3.58,23.7,24.1
37.0,26.2,38.8,10.1,0.0,4.09,15.9,10.0
30.5,18.4,58.5,17.0,0.0,3.26,23.2,18.3
38.2,24.8,58.1,11.1,0.0,3.73,54.6,49.0
35.8,22.7,48.1,19.2,0.0,4.4,40.7,34.1
32.6,21.3,76.7,23.3,15.1,3.47,56.3,63.2
24.7,14.2,34.9,7.3,0.0,2.5,35.1,31.3
35.8,26.9,31.2,22.8,0.0,5.18,15.9,10.0
41.8,30.9,56.2,17.4,15.1,4.73,43.3,48.3
27.9,15.6,50.8,19.4,23.0,3.38,54.6,65.0
25.0,11.4,60.7,19.0,0.0,2.7,18.8,14.7
25.4,15.6,56.2,11.9,0.0,2.31,23.4,19.9
35.6,27.3,49.9,8.6,0.0,3.47,54.8,49.6
23.6,10.9,79.3,24.5,0.0,2.41,29.7,26.1
28.4,18.2,63.7,14.8,0.0,2.69,16.8,12.7
24.1,10.3,84.7,19.9,0.0,1.95,57.9,55.0
26.3,13.9,36.3,18.0,0.0,3.5,53.7,48.4
36.7,23.1,58.7,18.5,0.0,4.13,15.5,10.0
37.1,23.9,39.6,5.6,22.6,3.71,28.3,40.8
26.7,18.6,46.3,19.3,0.0,3.36,29.1,24.0
26.8,13.5,76.9,11.6,24.8,1.84,45.6,62.7
40.5,30.5,65.6,18.5,0.0,4.37,59.7,53.1
24.2,12.4,48.5,21.2,0.0,3.14,55.2,50.5
28.9,19.8,31.2,10.1,0.0,3.34,57.6,52.6
31.8,20.5,78.4,22.7,0.0,3.28,20.1,15.2
27.4,16.7,71.3,19.2,0.0,2.69,54.6,50.6
38.1,24.2,78.9,8.9,11.5,2.91,42.8,47.6
34.9,25.3,77.3,11.6,0.0,2.79,36.2,32.0
22.2,13.2,35.6,5.9,0.0,2.07,23.7,20.5
38.8,29.2,31.8,21.4,0.0,5.41,42.0,33.9
28.7,20.4,50.4,15.4,15.2,3.17,55.2,62.6
26.4,12.8,35.4,21.5,0.0,3.82,26.6,20.9
41.2,30.7,37.8,16.8,0.0,5.15,55.5,47.7
27.6,16.1,36.3,14.2,0.0,3.36,29.2,24.1
31.7,18.2,57.5,21.6,0.0,3.81,58.7,53.0
23.9,12.4,73.4,21.3,11.2,2.36,43.1,48.5
28.3,16.4,50.8,12.0,2.9,2.83,52.6,50.7
31.8,20.4,50.5,7.7,0.0,2.92,25.3,20.9
38.8,24.8,78.9,15.6,0.0,3.53,57.7,52.4
32.8,20.9,64.6,19.2,0.0,3.53,45.2,39.9
36.5,23.7,52.2,19.9,22.2,4.41,28.1,39.2
30.1,17.2,65.0,11.2,0.0,2.55,58.1,54.3
23.8,15.7,67.0,17.3,0.0,2.22,47.9,44.6
39.3,25.7,72.6,9.6,0.0,3.3,43.9,38.9
32.8,23.8,62.4,22.7,0.0,3.88,45.1,39.3
34.3,24.1,61.1,9.2,0.0,3.02,50.9,46.4
37.2,27.0,36.2,21.0,0.0,5.06,17.4,10.0
30.9,18.5,74.5,24.6,8.8,3.45,42.4,44.3
38.2,28.8,52.5,13.2,0.0,4.06,25.8,19.8
41.4,30.3,45.5,10.7,17.9,4.45,49.9,57.6
22.6,11.1,73.0,12.5,0.0,1.53,31.3,29.0
28.3,17.4,39.1,13.8,0.0,3.33,16.2,11.2
25.3,12.6,37.3,10.4,0.0,2.75,57.4,53.3
25.7,12.1,69.5,18.4,0.0,2.47,16.4,12.7
24.0,14.0,34.1,24.8,0.0,3.84,36.9,31.2
37.7,23.8,82.5,20.9,0.0,3.72,18.0,12.4
24.0,16.0,30.1,23.7,0.0,3.87,45.0,39.2
36.5,25.5,43.1,23.3,0.0,4.95,48.3,40.9
26.9,13.7,65.8,17.9,11.6,2.68,38.6,43.9
27.9,14.6,76.1,14.9,0.0,2.25,51.1,47.7
25.9,17.5,32.5,5.8,0.0,2.6,26.5,22.6
35.8,23.9,59.8,12.1,0.0,3.47,46.9,41.7
27.4,16.4,38.6,11.6,0.0,3.06,25.1,20.5
36.0,26.5,81.6,11.2,0.0,2.76,41.7,37.6
33.8,22.3,61.5,11.2,0.0,3.11,41.7,37.0
35.4,25.9,68.6,23.5,0.0,4.07,18.8,12.7
31.4,20.8,48.5,14.8,0.0,3.5,15.3,10.0
26.7,17.4,49.2,8.5,6.5,2.41,53.4,55.0
37.9,27.3,78.3,9.7,0.0,2.98,21.4,17.0
38.7,29.9,31.8,10.5,0.0,4.53,20.8,14.0
28.6,18.7,74.1,13.4,0.0,2.29,33.2,29.8
33.0,24.7,50.6,22.1,0.0,4.21,59.2,52.9
37.8,27.0,67.2,20.5,0.0,4.16,17.7,11.5
30.1,21.2,45.2,23.9,0.0,4.17,41.7,35.4
30.0,20.4,61.4,15.7,0.0,3.01,56.8,52.2
28.6,19.3,52.2,13.8,21.8,2.96,59.8,65.0
40.5,27.3,84.6,23.2,0.0,4.17,22.5,16.2
25.1,16.8,52.7,21.2,0.0,3.13,31.5,26.8
24.2,15.9,52.0,7.0,11.1,1.9,37.6,43.7
25.7,13.6,53.0,6.8,0.0,2.04,31.1,28.0
23.0,9.4,61.4,14.6,0.0,2.09,57.2,54.0
26.4,13.5,75.7,6.1,0.0,1.38,17.8,15.8
33.9,21.9,50.2,22.6,0.0,4.37,56.7,50.1
28.3,20.2,74.6,9.5,0.0,1.91,51.8,48.9
26.3,16.5,54.1,10.4,0.0,2.37,15.4,11.9
26.2,13.2,52.7,17.7,0.0,2.99,44.2,39.8
42.0,30.4,64.6,7.2,0.0,3.68,53.7,48.2
38.7,27.6,79.7,7.9,0.0,2.88,26.2,21.9
34.9,26.4,81.9,20.7,0.0,3.39,43.7,38.6
37.2,27.9,35.1,12.0,15.0,4.37,34.1,39.5
31.2,20.0,84.0,20.9,0.0,2.9,31.4,27.0
22.5,13.8,70.2,12.4,0.0,1.59,55.0,52.6
31.7,18.3,78.8,6.6,0.0,1.97,18.5,15.5
41.3,30.6,71.8,19.1,0.0,4.33,42.9,36.4
41.0,27.4,66.0,18.2,0.0,4.39,52.3,45.7
34.7,21.7,66.2,11.0,3.8,3.05,41.4,39.8
27.7,15.9,33.2,12.5,0.0,3.33,31.7,26.7
23.1,10.7,36.4,5.3,0.0,2.1,23.7,20.5
38.6,24.8,59.4,15.5,0.0,4.09,34.2,28.0
31.6,22.7,50.1,21.3,18.8,4.0,44.3,53.4
23.1,15.0,49.4,18.8,0.0,2.8,45.0,40.8
35.3,22.5,35.5,16.5,6.0,4.5,29.6,27.7
36.1,22.3,48.8,15.4,0.0,4.11,45.4,39.2
29.3,18.4,61.2,18.7,14.8,3.18,34.4,41.4
24.7,15.4,78.6,22.4,17.9,2.4,39.9,50.6
40.8,27.3,61.9,7.8,0.0,3.66,47.6,42.1
41.0,30.9,73.2,18.7,14.8,4.22,23.3,28.8
35.7,24.0,83.5,23.7,3.8,3.67,49.6,47.2
35.7,22.9,44.7,22.0,0.0,4.7,26.8,19.7
22.2,9.0,59.4,24.5,0.0,2.84,18.6,14.4
33.8,25.7,60.7,12.0,0.0,3.19,39.4,34.6
27.2,18.3,52.3,24.7,0.0,3.68,48.7,43.2
23.1,12.9,61.9,20.0,0.0,2.52,38.2,34.4
37.3,27.4,35.0,11.9,24.2,4.38,41.0,53.8
30.9,17.5,79.5,13.3,0.0,2.39,17.9,14.3
39.7,29.9,61.1,10.4,0.0,3.76,18.2,12.6
30.9,19.2,63.9,19.8,0.0,3.38,50.7,45.6
26.7,16.5,51.0,24.1,0.0,3.6,25.0,19.6
34.6,24.1,43.8,19.3,16.6,4.39,34.4,41.0
28.4,14.7,47.8,12.0,0.0,2.93,20.8,16.4
24.2,14.5,62.5,12.7,0.0,2.04,22.2,19.1
27.2,15.8,41.9,13.5,0.0,3.09,58.8,54.2
23.6,12.8,51.8,21.5,0.0,3.0,55.8,51.3
29.5,19.7,54.7,11.9,0.0,2.85,24.6,20.3
35.2,21.6,45.4,18.5,4.8,4.34,20.2,17.5
24.8,15.5,61.0,20.3,22.0,2.77,52.9,65.0
36.5,26.0,30.1,19.7,0.0,5.06,30.1,22.5
36.4,28.0,69.0,6.4,0.0,2.8,41.9,37.7
28.0,19.6,82.2,15.7,0.0,2.16,42.7,39.4
39.8,31.5,79.1,9.8,17.1,3.19,59.0,65.0
23.1,12.6,59.1,10.0,0.0,1.81,43.8,41.1
38.9,28.4,49.5,16.1,0.0,4.47,47.2,40.5
27.3,16.6,79.2,20.1,22.4,2.51,41.5,55.7
35.6,25.8,54.3,21.1,0.0,4.33,22.4,15.9
29.6,21.2,69.5,8.0,0.0,2.1,54.6,51.5
32.8,22.9,60.1,9.4,15.9,2.88,47.1,55.5
39.6,27.0,81.0,24.7,0.0,4.3,54.1,47.6
35.5,26.4,40.0,7.2,0.0,3.63,45.3,39.8
37.8,27.8,55.3,5.8,0.0,3.34,53.4,48.4
37.7,29.3,39.6,11.7,0.0,4.27,52.7,46.3
25.9,14.7,61.4,13.5,0.0,2.34,58.2,54.7
30.3,17.9,40.1,21.5,0.0,4.14,45.4,39.2
32.1,23.3,31.4,23.6,18.2,4.8,44.4,51.7
28.8,19.7,39.8,16.7,0.0,3.6,54.4,49.0
34.8,21.9,31.8,18.4,0.0,4.7,26.4,19.3
36.4,23.7,50.4,20.8,0.0,4.52,53.6,46.8
22.5,14.0,72.7,17.5,0.0,1.92,42.6,39.7
40.6,28.7,65.6,20.2,0.0,4.52,26.8,20.0
34.3,22.8,37.4,15.4,6.3,4.23,56.1,54.7
24.4,12.9,47.8,16.1,0.0,2.78,35.0,30.8
39.3,29.1,49.4,13.9,10.9,4.35,15.3,17.5
32.1,19.0,60.4,17.2,21.8,3.41,32.3,44.6
41.5,32.8,82.0,17.7,24.3,3.94,15.6,29.2
36.6,23.3,39.7,11.9,0.0,4.15,45.6,39.4
39.4,26.9,50.0,21.4,0.0,4.95,25.2,17.8
23.5,12.9,78.5,8.0,0.0,1.1,59.6,58.0
23.1,12.1,48.1,12.9,0.0,2.36,48.3,44.7
33.8,20.1,48.3,15.8,0.0,3.88,31.8,26.0
31.3,19.2,77.3,13.3,0.0,2.5,58.9,55.1
22.8,12.2,65.0,5.2,0.0,1.21,17.5,15.7
39.2,26.3,31.8,6.0,0.0,4.22,31.6,25.3
33.5,23.9,39.5,10.9,0.0,3.71,35.2,29.6
36.9,25.6,63.5,14.4,0.0,3.68,21.5,15.9
29.1,17.1,70.4,14.4,0.0,2.53,24.5,20.7
39.2,26.0,47.6,16.0,0.0,4.55,36.3,29.4
40.2,27.8,67.0,15.4,4.5,4.05,28.5,26.0
26.2,12.5,52.5,22.5,0.0,3.37,51.6,46.5
26.3,15.6,47.5,24.4,0.0,3.69,26.2,20.7
28.3,17.1,45.3,21.5,0.0,3.75,47.6,42.0
35.8,24.5,49.1,21.7,0.0,4.56,17.2,10.4
30.0,21.8,76.2,8.5,0.0,1.99,31.1,28.1
38.3,27.3,47.8,11.5,0.0,4.08,50.5,44.4
36.2,26.3,57.0,6.5,0.0,3.16,27.0,22.2
39.8,28.2,61.2,8.3,14.7,3.6,36.1,42.4
24.4,11.4,52.9,10.2,0.0,2.16,56.1,52.8
28.1,15.5,65.9,24.8,0.0,3.38,58.2,53.2
28.3,17.8,49.7,10.4,0.0,2.73,41.5,37.4
28.1,19.3,47.5,12.6,0.0,2.96,31.1,26.6
23.0,12.2,76.0,8.6,12.9,1.17,31.7,40.2
33.2,19.5,71.8,18.7,0.0,3.33,27.9,22.9
32.8,19.5,78.2,13.9,0.0,2.7,25.1,21.1
22.7,9.6,44.6,12.2,0.0,2.36,20.4,16.9
31.2,22.5,54.3,5.9,0.0,2.59,50.8,46.9
35.5,24.5,75.6,9.6,0.0,2.76,27.4,23.3
29.2,20.5,35.6,23.6,9.7,4.33,38.8,40.0
29.0,15.7,79.5,11.5,6.8,2.01,36.3,38.8
27.8,17.0,71.7,13.4,10.2,2.25,48.4,53.2
30.5,21.0,53.5,14.1,0.0,3.18,59.8,55.0
37.4,25.2,77.0,18.3,0.0,3.64,33.6,28.1
32.0,23.7,45.4,12.4,0.0,3.47,35.9,30.7
34.2,21.9,32.3,10.2,6.3,3.94,37.6,36.8
36.8,27.2,75.3,22.8,0.0,3.98,45.7,39.7
24.3,11.9,39.1,18.7,0.0,3.25,56.8,51.9
31.3,23.1,56.4,20.9,0.0,3.73,58.5,52.9
38.9,27.7,41.4,5.1,0.0,3.83,57.2,51.5
27.5,15.7,70.1,16.6,0.0,2.52,18.5,14.7
39.9,29.6,56.4,13.9,0.0,4.21,41.9,35.6
36.2,25.1,67.7,11.8,0.0,3.26,17.9,13.0
32.9,24.4,54.4,10.2,0.0,3.13,15.6,10.9
29.8,17.1,40.4,21.3,0.0,4.07,46.9,40.8
26.2,16.5,39.2,8.7,21.7,2.66,38.8,52.2
28.6,18.8,60.0,11.5,0.0,2.55,24.5,20.7
39.6,27.7,82.6,5.3,13.5,2.7,56.1,62.8
36.6,24.9,31.7,12.1,0.0,4.41,39.4,32.8
27.2,17.6,64.1,23.9,0.0,3.25,45.1,40.2
41.7,32.8,31.9,19.9,0.0,5.64,34.3,25.8
26.5,15.5,54.3,11.9,0.0,2.5,32.3,28.5
40.8,26.9,76.2,24.8,0.0,4.59,52.9,46.0
30.1,17.7,41.1,21.2,8.2,4.08,52.0,52.4
36.9,25.9,67.0,8.7,0.0,3.12,15.4,10.7
38.7,27.6,81.9,14.6,0.0,3.35,35.3,30.2
29.2,20.2,76.3,12.8,0.0,2.24,15.9,12.5
23.2,11.6,78.4,14.9,4.7,1.62,55.5,56.8
36.0,22.2,34.5,23.1,0.0,5.13,55.2,47.5
22.1,9.7,60.2,16.5,0.0,2.17,48.4,45.2
42.0,29.7,67.3,18.1,0.0,4.47,30.4,23.7
28.4,15.7,32.9,20.2,0.0,4.04,38.5,32.4
40.2,29.4,39.8,12.2,0.0,4.61,59.7,52.8
30.4,21.4,45.7,16.1,0.0,3.57,43.4,38.0
38.7,26.4,44.3,12.9,0.0,4.35,43.5,37.0
25.3,15.4,73.5,8.4,0.0,1.51,40.4,38.1
24.9,12.8,37.8,13.0,0.0,2.9,46.1,41.7
37.6,28.6,74.7,5.1,0.0,2.69,38.3,34.2
34.5,25.0,30.5,14.1,22.5,4.35,22.8,34.3
30.5,19.9,60.4,20.7,0.0,3.5,16.2,10.9
37.4,28.9,65.3,21.1,0.0,4.22,35.2,28.9
22.3,9.5,68.7,9.6,0.0,1.38,46.3,44.2
29.2,20.2,58.5,19.5,0.0,3.3,20.5,15.5
38.6,29.1,58.2,18.8,0.0,4.39,44.2,37.6
31.2,19.8,62.5,21.5,0.0,3.59,26.9,21.5
23.2,15.2,79.7,23.8,13.2,2.3,21.8,28.9
41.0,31.5,57.6,8.3,0.0,3.85,27.0,21.2
31.5,21.0,48.2,7.1,0.0,2.9,53.3,48.9
36.6,24.3,50.1,19.2,0.0,4.42,21.8,15.1
30.4,21.6,36.3,5.5,0.0,2.99,29.9,25.4
36.0,24.8,77.2,8.5,0.0,2.68,57.3,53.3
30.9,18.1,57.1,14.4,21.6,3.15,18.5,31.1
28.2,16.2,57.9,22.6,16.9,3.46,36.5,44.8
25.1,12.6,52.6,15.6,0.0,2.68,36.9,32.9
38.5,25.8,66.5,22.9,0.0,4.46,51.9,45.2
29.6,16.7,57.2,22.2,0.0,3.6,41.9,36.5
32.2,19.5,44.7,5.3,0.0,2.94,37.8,33.4
27.9,17.6,37.3,10.5,0.0,3.08,28.5,23.9
28.0,16.6,43.8,23.8,0.0,3.95,20.8,14.9
27.6,15.2,30.8,23.8,0.0,4.29,38.4,32.0
41.8,30.7,82.1,23.3,0.0,4.41,51.6,44.9
27.9,17.8,50.1,24.6,0.0,3.82,19.9,14.2
37.6,27.4,64.2,23.5,0.0,4.46,43.7,37.0
34.9,23.2,38.8,14.1,16.4,4.15,40.9,47.8
28.4,17.2,57.1,10.0,0.0,2.49,49.3,45.6
37.1,26.3,69.5,14.0,0.0,3.49,30.0,24.7
40.5,29.3,59.5,18.4,0.0,4.55,47.6,40.8
28.4,18.0,67.1,12.6,22.1,2.4,56.5,65.0
34.5,21.7,84.3,17.3,0.0,3.0,31.2,26.7
36.0,27.7,73.4,21.6,0.0,3.85,43.8,38.0
39.2,25.9,35.9,21.5,0.0,5.35,47.7,39.7
28.5,20.2,41.5,13.2,0.0,3.23,19.5,14.7
38.3,24.3,73.4,14.5,0.0,3.55,15.3,10.0
26.2,12.8,31.2,23.1,5.1,4.05,22.9,20.9
38.0,27.1,38.0,18.7,0.0,4.92,40.8,33.4
24.0,15.6,73.8,17.5,0.0,2.07,39.6,36.5
23.2,12.8,66.2,12.7,0.0,1.82,33.2,30.5
32.9,23.6,38.4,17.9,0.0,4.23,15.2,10.0
27.7,15.8,74.7,11.2,0.0,1.98,26.9,24.0
35.8,23.6,37.2,18.3,0.0,4.65,22.8,15.8
32.0,21.3,72.6,6.7,0.0,2.2,19.8,16.5
26.1,15.1,55.5,24.8,0.0,3.46,29.7,24.5
40.0,30.1,45.1,14.9,0.0,4.64,46.9,39.9
35.5,23.2,66.3,20.2,6.1,3.89,31.3,30.3
39.0,26.7,61.2,5.4,0.0,3.28,51.2,46.2
26.8,14.5,40.2,17.1,0.0,3.39,48.8,43.8
30.8,19.0,56.8,23.9,0.0,3.9,24.4,18.6
35.4,24.1,74.2,8.5,0.0,2.7,56.5,52.4
40.6,29.9,32.6,11.1,0.0,4.78,33.7,26.5
28.4,15.4,30.2,17.9,0.0,3.93,44.7,38.8
32.4,20.7,74.6,20.7,2.7,3.31,52.8,49.9
33.5,19.8,53.7,8.5,0.0,3.09,34.6,30.0
32.3,19.5,66.1,8.7,0.0,2.6,41.6,37.7
33.6,21.5,61.0,14.2,0.0,3.33,47.6,42.6
26.5,15.5,55.2,5.8,0.0,1.99,32.0,29.0
23.5,12.7,38.9,19.1,0.0,3.18,27.2,22.4
41.0,31.3,60.5,21.0,0.0,4.79,58.2,51.1
38.9,25.4,50.5,16.0,0.0,4.43,55.7,49.0
40.9,27.6,70.2,5.5,0.0,3.24,20.8,15.9
25.1,15.3,34.1,9.9,0.0,2.78,29.0,24.9
25.2,12.9,75.6,11.3,0.0,1.66,25.9,23.4
29.9,21.3,66.8,21.4,0.0,3.3,34.0,29.0
27.8,17.3,53.3,18.3,0.0,3.2,18.2,13.4
41.1,27.6,36.5,8.7,0.0,4.53,40.2,33.4
24.7,15.5,79.6,7.2,0.0,1.15,49.3,47.6
39.8,29.8,39.0,19.7,0.0,5.18,59.1,51.3
24.8,12.5,53.0,23.3,0.0,3.25,35.1,30.2
24.5,14.6,52.0,5.4,0.0,1.81,30.1,27.4
38.1,29.4,71.8,19.3,0.0,3.96,18.7,12.8
38.8,29.3,38.0,12.2,0.0,4.49,29.7,22.9
41.5,28.2,78.0,13.0,0.0,3.68,45.8,40.3
38.6,27.6,38.8,22.7,0.0,5.29,58.6,50.6
27.1,13.1,42.2,12.4,0.0,2.97,46.2,41.7
36.4,25.5,34.2,14.9,0.0,4.54,44.6,37.8
25.6,15.3,83.1,6.8,0.0,1.13,19.1,17.4
25.1,13.5,54.4,16.0,0.0,2.66,51.8,47.8
39.8,28.1,56.9,14.2,0.0,4.2,38.5,32.2
24.1,15.3,49.6,6.4,0.0,1.91,44.5,41.7
22.2,10.6,72.5,8.4,2.7,1.17,38.1,38.4
35.1,24.4,51.4,14.1,0.0,3.8,16.5,10.8
37.7,25.7,43.3,15.5,10.7,4.46,22.8,24.7
22.4,12.3,69.9,23.4,0.0,2.47,33.1,29.4
42.0,32.3,40.3,14.3,0.0,4.97,31.0,23.5
35.9,26.8,58.1,15.0,0.0,3.77,56.7,51.1
35.3,25.4,67.9,10.0,0.0,3.0,52.0,47.5
30.6,17.9,52.5,6.5,0.0,2.62,33.2,29.3
40.6,30.8,76.4,18.6,0.0,4.07,28.1,22.0
31.2,18.3,65.4,12.2,0.0,2.76,59.8,55.7
36.8,25.1,75.5,13.8,0.0,3.26,39.8,35.0
28.5,20.0,50.7,16.4,0.0,3.21,54.4,49.6
40.9,32.3,63.0,18.3,14.5,4.48,30.1,35.0
23.5,15.2,71.8,17.3,0.0,2.06,45.8,42.7
24.7,15.8,43.9,13.0,0.0,2.68,45.3,41.3
27.1,18.8,67.6,17.5,0.0,2.62,26.8,22.8
32.3,22.2,75.0,6.4,0.0,2.14,42.1,38.9
26.1,14.1,37.5,5.5,0.0,2.44,30.0,26.3
25.1,16.1,78.7,18.1,0.0,2.1,51.0,47.9
37.4,26.4,75.1,13.3,0.0,3.29,49.1,44.2
35.6,25.6,64.7,15.1,0.0,3.54,59.6,54.3
32.1,23.9,64.5,19.6,0.0,3.48,43.5,38.3
22.4,13.7,38.9,9.2,0.0,2.26,28.9,25.5
28.2,15.7,52.7,6.3,0.0,2.31,20.9,17.4
33.4,20.8,81.1,6.3,0.0,2.09,44.4,41.2
28.3,17.6,31.1,18.9,0.0,3.97,59.0,53.0
38.6,30.4,65.9,14.9,0.0,3.85,55.6,49.8
41.8,28.6,60.1,19.3,0.0,4.75,41.0,33.9
38.8,25.1,61.4,8.2,4.7,3.47,36.4,35.0
31.6,19.9,56.6,24.5,0.0,4.05,54.3,48.2
24.0,12.4,65.7,20.4,0.0,2.55,23.9,20.1
29.4,19.7,53.1,15.6,0.0,3.18,53.0,48.3
40.2,29.4,34.9,20.9,0.0,5.45,39.6,31.4
33.9,21.9,79.0,24.0,0.0,3.62,51.4,46.0
39.8,31.5,76.7,6.4,0.0,2.99,22.6,18.1
29.2,20.1,54.4,13.2,21.1,2.93,53.4,65.0
37.8,24.7,71.3,23.7,0.0,4.29,41.2,34.8
39.2,29.1,32.8,20.0,0.0,5.32,36.3,28.4
26.8,13.8,82.7,6.1,0.0,1.22,23.5,21.7
35.5,24.9,55.1,8.1,0.0,3.25,28.6,23.8
34.2,24.9,63.8,12.6,0.0,3.2,28.8,24.0
35.5,24.1,76.8,9.8,6.2,2.74,30.5,31.3
25.6,17.1,54.5,18.5,0.0,2.92,32.9,28.6
31.6,19.0,49.4,20.7,0.0,3.96,54.6,48.7
31.1,19.6,69.4,12.0,0.0,2.61,34.7,30.7
38.9,29.4,30.6,17.7,0.0,5.17,17.7,10.0
31.8,22.7,64.6,13.9,11.5,2.98,25.5,30.2
35.1,25.3,75.2,5.3,0.0,2.37,42.8,39.2
22.5,13.2,48.0,5.4,0.0,1.69,43.4,40.9
26.6,15.3,85.0,22.7,4.9,2.46,37.2,37.5
26.9,18.4,44.0,6.2,0.0,2.41,37.1,33.4
22.1,11.2,58.6,17.1,0.0,2.27,59.2,55.8
32.5,19.5,34.7,15.6,0.0,4.11,40.4,34.2
26.6,18.2,51.3,18.0,0.0,3.09,25.6,21.0
40.4,31.9,81.2,21.6,8.9,4.14,17.3,18.2
41.9,31.3,66.4,9.7,0.0,3.81,27.3,21.6
27.2,17.3,55.4,5.4,0.0,2.03,16.4,13.4
32.8,22.0,43.3,11.6,0.0,3.56,15.4,10.1
28.3,16.3,38.4,16.2,5.6,3.55,49.8,48.9
27.3,17.1,70.2,8.6,0.0,1.86,56.3,53.5
33.1,24.8,62.4,6.8,0.0,2.64,53.2,49.3
22.2,13.8,50.0,25.0,0.0,3.17,22.1,17.3
