N,P,K,temperature,humidity,ph,rainfall,crop
34,88,114,25.3,55.0,6.7,60.9,Alfalfa
25,83,135,19.4,56.3,6.6,100.5,Alfalfa
117,41,25,23.0,70.5,6.1,109.1,Maize
24,87,115,20.3,42.3,7.3,76.8,Alfalfa
126,37,116,31.1,54.3,5.9,145.4,Cotton
83,52,88,25.2,55.8,6.2,121.5,Cotton
77,49,114,34.1,56.5,6.9,88.1,Cotton
133,49,28,21.8,79.4,6.5,173.9,Maize
115,53,40,23.3,71.4,6.2,176.1,Maize
75,42,47,20.4,61.7,7.2,191.1,Wheat
100,58,44,16.7,50.3,6.5,159.2,Wheat
93,45,96,32.1,69.8,6.8,143.4,Cotton
120,67,31,28.5,69.0,5.6,117.1,Maize
103,44,27,25.9,65.5,6.2,118.3,Maize
28,62,100,25.2,45.9,6.8,52.8,Alfalfa
29,85,112,20.0,62.4,7.1,89.4,Alfalfa
99,39,102,31.0,63.5,6.1,144.9,Cotton
33,81,127,27.3,60.2,7.3,111.0,Alfalfa
113,46,99,33.9,63.5,7.2,140.6,Cotton
15,60,126,22.3,60.5,7.6,50.5,Alfalfa
96,43,116,31.9,56.7,6.2,75.1,Cotton
101,58,91,27.5,62.4,6.3,85.6,Cotton
108,31,31,19.1,50.7,6.4,195.2,Wheat
81,60,36,24.5,71.1,6.3,88.1,Maize
128,51,117,28.7,65.8,6.9,108.2,Cotton
85,35,88,28.2,54.7,5.9,113.2,Cotton
18,78,125,23.1,45.7,7.3,62.2,Alfalfa
99,36,47,23.4,63.5,6.9,131.4,Wheat
24,94,106,24.6,60.4,7.2,87.1,Alfalfa
80,55,36,25.6,77.7,5.7,107.9,Maize
30,75,102,26.6,50.1,7.7,109.6,Alfalfa
67,33,35,21.7,61.6,6.4,241.0,Wheat
88,47,43,20.5,63.8,6.8,133.6,Wheat
63,30,43,18.3,64.9,6.8,227.4,Wheat
92,45,41,20.1,62.7,6.3,188.5,Wheat
124,58,32,26.3,75.9,6.2,137.7,Maize
102,39,98,30.7,69.2,5.9,149.5,Cotton
108,53,30,23.7,60.3,6.7,122.8,Maize
90,32,30,15.8,56.1,6.2,140.3,Wheat
32,84,130,26.4,63.3,6.6,64.6,Alfalfa
36,82,101,20.5,47.4,6.9,109.4,Alfalfa
102,51,45,20.5,55.9,6.5,138.4,Wheat
82,62,86,30.0,70.0,6.9,123.2,Cotton
83,46,102,25.3,64.5,6.5,120.5,Cotton
39,81,121,20.5,41.0,6.9,87.6,Alfalfa
92,37,41,24.7,59.1,7.0,129.2,Wheat
126,42,32,27.3,79.5,6.2,112.3,Maize
78,57,34,16.8,51.6,6.5,203.3,Wheat
60,44,31,17.4,51.9,6.2,240.2,Wheat
75,58,36,21.6,58.7,6.9,107.2,Wheat
95,58,29,21.2,66.8,5.6,89.4,Maize
125,69,44,21.8,60.3,6.5,160.7,Maize
102,64,109,31.5,51.2,7.4,139.8,Cotton
100,44,98,30.0,71.4,6.9,74.7,Cotton
85,57,81,25.3,64.6,7.4,111.8,Cotton
114,67,25,24.6,70.9,6.7,118.6,Maize
99,39,40,17.0,51.4,6.1,102.7,Wheat
32,94,122,18.7,48.0,7.6,51.6,Alfalfa
130,48,31,21.2,73.9,6.3,167.7,Maize
94,55,115,26.8,68.8,7.2,149.1,Cotton
105,52,118,30.8,71.7,6.8,81.5,Cotton
27,82,124,20.4,49.4,7.2,84.8,Alfalfa
81,42,48,18.9,50.2,7.1,113.7,Wheat
28,90,118,22.9,42.1,6.6,92.2,Alfalfa
128,55,115,34.5,69.5,6.0,143.8,Cotton
118,53,29,27.4,70.9,6.4,176.9,Maize
69,55,41,23.7,66.8,6.5,133.4,Wheat
109,56,31,15.8,51.7,7.2,156.1,Wheat
81,49,46,24.5,69.7,6.9,156.4,Wheat
33,86,109,27.1,42.8,7.1,50.8,Alfalfa
127,54,107,32.7,70.6,7.1,121.3,Cotton
126,62,104,33.7,55.6,7.4,61.1,Cotton
114,63,100,25.4,73.1,7.4,82.8,Cotton
34,77,113,20.9,64.9,7.4,76.9,Alfalfa
39,70,111,27.6,41.4,7.0,57.5,Alfalfa
67,55,33,19.6,57.1,6.7,111.7,Wheat
95,56,46,17.8,58.2,6.7,140.6,Wheat
105,32,35,24.5,64.5,6.7,162.7,Wheat
99,52,84,25.3,59.4,7.2,148.9,Cotton
70,50,46,23.4,59.4,6.5,141.0,Wheat
124,40,107,33.1,75.0,7.5,110.0,Cotton
96,39,39,18.8,54.8,6.2,137.7,Wheat
72,33,30,21.7,62.4,6.4,117.0,Wheat
137,41,27,25.2,77.0,6.2,136.1,Maize
138,64,41,21.3,60.6,6.5,142.0,Maize
90,58,31,21.4,60.3,6.0,139.0,Maize
94,66,43,29.0,67.0,6.2,158.4,Maize
99,57,96,34.5,53.7,7.4,104.3,Cotton
89,58,84,34.8,62.3,6.4,117.0,Cotton
80,53,102,26.3,53.8,6.0,117.7,Cotton
73,58,104,34.0,61.8,6.9,75.5,Cotton
130,58,29,23.5,67.0,5.5,134.9,Maize
100,41,43,18.6,60.1,6.8,105.9,Wheat
106,54,44,20.1,53.1,6.5,100.4,Wheat
70,42,114,26.8,55.2,6.4,103.6,Cotton
107,62,38,24.6,74.9,5.5,105.2,Maize
17,82,117,22.5,53.3,6.8,68.8,Alfalfa
87,39,36,18.2,54.2,6.4,118.0,Wheat
72,49,33,18.6,63.0,6.6,187.6,Wheat
113,54,32,25.9,71.3,6.0,113.7,Maize
95,36,85,31.1,55.9,6.0,73.8,Cotton
30,63,129,19.9,47.1,6.7,112.8,Alfalfa
17,90,139,25.0,64.9,7.7,90.3,Alfalfa
18,74,105,27.8,52.3,7.4,107.5,Alfalfa
94,50,32,24.8,76.8,5.8,176.8,Maize
88,54,112,32.4,63.2,7.0,129.1,Cotton
116,69,35,29.3,66.4,6.3,116.9,Maize
79,39,102,30.5,55.0,7.0,67.9,Cotton
19,68,116,19.2,51.8,7.3,105.6,Alfalfa
31,64,113,27.3,64.8,6.8,76.5,Alfalfa
99,51,37,23.3,65.0,7.0,223.8,Wheat
64,48,43,20.2,57.2,7.1,158.9,Wheat
77,41,119,28.8,61.6,6.3,127.3,Cotton
15,84,116,27.0,49.6,7.2,113.5,Alfalfa
21,65,105,21.3,58.3,7.4,61.7,Alfalfa
15,89,138,23.7,64.9,7.5,99.5,Alfalfa
37,92,103,23.7,59.1,7.6,73.9,Alfalfa
92,54,28,24.6,72.1,6.2,134.0,Maize
106,33,41,22.7,50.2,6.7,184.8,Wheat
122,66,29,28.3,79.2,5.9,102.7,Maize
29,85,111,27.1,43.5,6.6,67.9,Alfalfa
129,45,91,26.0,73.0,7.1,62.1,Cotton
24,87,130,24.1,50.6,7.5,115.4,Alfalfa
90,62,25,21.1,79.7,6.6,92.5,Maize
60,51,48,20.9,58.0,6.1,150.3,Wheat
126,55,105,28.3,60.0,6.7,142.8,Cotton
86,57,26,29.2,71.7,5.5,171.3,Maize
103,64,31,21.7,60.7,5.9,158.0,Maize
36,85,127,20.1,52.9,7.8,82.1,Alfalfa
123,56,107,30.4,54.6,6.3,87.9,Cotton
102,58,43,23.5,69.4,6.3,117.8,Maize
109,53,97,27.9,67.9,6.7,108.1,Cotton
109,59,35,22.7,52.1,6.4,111.3,Wheat
24,69,118,24.4,50.2,6.5,60.9,Alfalfa
86,68,32,20.3,64.4,5.8,147.2,Maize
67,51,44,20.7,67.7,6.7,208.1,Wheat
38,73,131,26.6,60.8,7.0,96.8,Alfalfa
73,52,45,15.9,62.7,6.9,227.2,Wheat
88,38,108,29.2,72.3,7.2,90.8,Cotton
81,42,36,28.3,66.9,6.5,116.3,Maize
103,32,49,24.7,65.6,6.1,184.9,Wheat
28,82,131,22.3,40.6,6.8,87.9,Alfalfa
84,36,38,16.4,66.7,7.2,178.9,Wheat
93,52,34,15.2,68.3,6.1,186.5,Wheat
113,56,29,26.5,76.6,5.8,81.1,Maize
86,54,35,22.3,55.0,6.8,174.1,Wheat
124,56,38,20.5,63.3,6.5,88.3,Maize
120,60,108,28.9,57.2,6.4,124.7,Cotton
22,94,133,22.0,63.9,6.7,83.9,Alfalfa
115,54,44,21.6,76.8,6.6,175.5,Maize
16,68,125,22.7,48.6,7.0,78.9,Alfalfa
102,37,39,19.6,51.5,6.1,100.4,Wheat
20,93,111,21.6,42.3,7.7,59.6,Alfalfa
136,62,41,21.9,70.8,6.6,153.2,Maize
76,52,34,21.9,67.0,6.3,173.4,Wheat
23,85,131,25.1,63.1,6.7,89.8,Alfalfa
86,53,39,27.0,65.9,6.7,177.1,Maize
32,90,129,18.5,51.4,7.2,95.1,Alfalfa
110,63,27,25.6,69.6,6.7,133.0,Maize
134,62,36,25.7,76.1,6.2,146.2,Maize
77,30,45,19.3,67.5,6.5,169.3,Wheat
109,66,37,25.3,78.8,6.5,179.8,Maize
98,64,108,25.4,62.0,6.8,84.5,Cotton
69,59,36,20.2,64.6,6.0,170.1,Wheat
99,52,83,32.2,64.7,6.3,141.9,Cotton
23,74,123,19.2,63.9,7.5,68.1,Alfalfa
75,41,103,29.7,65.3,6.1,149.2,Cotton
22,79,128,24.5,55.2,7.2,66.1,Alfalfa
136,65,33,21.9,75.6,6.0,85.8,Maize
37,68,134,24.0,53.1,6.8,86.1,Alfalfa
96,63,27,28.2,64.5,5.8,133.7,Maize
63,43,34,15.9,67.5,6.3,119.4,Wheat
62,54,31,23.6,66.2,6.8,182.6,Wheat
16,83,114,18.1,57.4,6.6,87.3,Alfalfa
107,42,34,24.9,51.2,7.1,177.4,Wheat
17,93,139,23.7,46.7,7.6,105.8,Alfalfa
97,35,92,33.4,67.4,7.0,115.7,Cotton
139,46,29,28.8,77.4,5.5,162.6,Maize
111,50,31,21.6,76.4,6.6,130.7,Maize
16,91,112,24.2,64.5,7.3,68.2,Alfalfa
93,47,114,26.3,57.1,5.8,98.9,Cotton
107,67,39,29.3,62.1,6.7,148.8,Maize
83,66,41,27.7,74.2,6.1,85.8,Maize
128,52,93,34.7,74.2,7.1,71.7,Cotton
71,36,40,23.2,57.4,7.0,137.9,Wheat
16,93,128,27.4,42.6,7.6,86.9,Alfalfa
88,40,49,23.4,65.5,6.3,119.7,Wheat
31,87,128,27.4,50.5,7.3,77.8,Alfalfa
64,32,30,18.2,64.5,6.9,130.1,Wheat
84,53,41,20.6,59.4,6.7,123.9,Wheat
76,58,37,22.7,66.9,6.9,193.9,Wheat
113,55,103,34.2,65.4,7.2,103.3,Cotton
86,56,36,22.5,71.2,5.8,96.1,Maize
133,60,26,28.0,66.2,6.1,81.2,Maize
109,57,38,29.7,74.4,6.4,155.7,Maize
107,43,87,32.2,68.7,6.0,69.3,Cotton
111,54,40,24.8,64.2,5.9,157.6,Maize
139,40,26,25.3,77.7,5.6,162.5,Maize
101,46,26,29.8,64.0,6.4,162.1,Maize
134,51,41,29.5,62.5,6.7,139.5,Maize
98,38,47,24.4,68.9,6.8,217.5,Wheat
21,70,119,23.5,54.9,7.5,83.7,Alfalfa
23,73,110,25.2,54.8,7.3,83.5,Alfalfa
33,67,128,25.9,56.5,7.1,88.9,Alfalfa
98,61,29,30.0,79.5,6.3,100.0,Maize
36,74,132,26.4,44.4,7.7,79.1,Alfalfa
89,39,83,32.4,69.2,6.7,108.9,Cotton
23,93,135,26.7,62.5,7.0,69.4,Alfalfa
36,71,102,24.2,55.8,7.5,59.2,Alfalfa
105,50,109,26.8,55.9,7.5,76.3,Cotton
97,42,38,17.5,67.4,6.5,177.2,Wheat
79,31,36,16.6,57.8,7.2,138.7,Wheat
64,30,37,21.0,57.9,6.3,135.2,Wheat
82,61,38,23.3,69.0,6.4,94.6,Maize
79,37,40,24.5,55.1,6.4,156.9,Wheat
19,71,136,25.8,57.6,7.1,110.5,Alfalfa
123,66,44,22.7,61.1,6.2,173.7,Maize
60,52,32,19.5,68.7,6.4,176.1,Wheat
91,49,44,29.9,79.3,5.5,175.2,Maize
108,64,31,24.5,70.3,6.1,146.7,Maize
92,64,95,34.4,68.3,6.1,77.0,Cotton
22,88,131,20.3,64.1,6.8,96.3,Alfalfa
25,69,129,23.0,55.4,7.6,89.9,Alfalfa
96,42,104,31.9,66.9,6.2,119.3,Cotton
107,34,38,16.1,63.2,7.2,107.2,Wheat
92,38,45,22.5,51.8,6.3,116.4,Wheat
117,53,28,26.7,76.2,6.5,159.8,Maize
27,70,100,19.2,53.6,6.5,72.7,Alfalfa
127,41,94,32.0,59.7,6.6,81.4,Cotton
94,41,35,15.7,62.1,6.8,192.9,Wheat
88,42,32,25.2,69.6,5.5,114.1,Maize
74,36,116,27.5,61.9,6.5,109.4,Cotton
129,51,35,20.2,63.9,5.5,144.7,Maize
84,59,115,34.3,51.5,7.4,91.6,Cotton
93,68,28,22.6,65.7,5.9,160.3,Maize
22,75,135,25.2,50.0,7.8,107.6,Alfalfa
90,46,36,21.8,70.5,6.4,90.7,Maize
121,63,28,24.2,61.7,6.6,117.4,Maize
101,44,42,21.0,66.4,7.1,134.2,Wheat
74,39,39,24.0,57.1,6.3,217.1,Wheat
103,58,28,24.2,73.4,5.6,142.4,Maize
109,34,44,17.4,67.4,6.6,180.3,Wheat
127,44,39,22.3,64.1,6.3,105.7,Maize
84,31,32,21.0,63.5,6.5,166.9,Wheat
108,40,36,18.4,66.4,6.7,150.6,Wheat
108,47,115,25.9,72.4,6.1,89.1,Cotton
20,63,112,23.2,41.7,7.5,66.4,Alfalfa
67,35,37,21.5,60.7,6.4,150.0,Wheat
81,62,36,26.6,71.2,6.4,126.5,Maize
91,46,115,34.6,65.9,7.1,75.3,Cotton
109,64,40,20.0,66.0,6.8,127.5,Maize
124,62,43,21.5,79.8,6.7,134.0,Maize
89,50,49,21.2,51.8,6.9,119.2,Wheat
81,40,113,25.6,52.9,6.2,90.8,Cotton
80,31,38,20.1,66.5,6.3,241.4,Wheat
134,45,27,27.9,71.5,6.2,119.1,Maize
116,51,117,33.2,59.5,7.3,138.1,Cotton
82,55,31,23.0,61.6,6.0,97.4,Maize
114,57,38,29.8,72.8,6.6,93.3,Maize
112,43,38,21.4,78.0,6.6,111.8,Maize
23,65,124,24.7,43.0,7.1,85.4,Alfalfa
18,71,131,19.2,54.9,7.7,111.3,Alfalfa
65,58,40,21.2,63.0,6.2,109.2,Wheat
16,69,124,18.6,64.9,6.6,98.7,Alfalfa
82,48,38,16.4,52.4,6.4,115.2,Wheat
85,62,112,30.1,74.9,7.2,115.4,Cotton
98,54,115,30.3,60.7,6.0,139.8,Cotton
114,46,38,21.8,67.7,6.8,104.9,Maize
106,60,30,22.6,75.2,5.7,133.5,Maize
72,50,47,21.3,54.0,6.1,106.4,Wheat
94,46,40,19.5,66.9,6.1,173.2,Wheat
103,54,97,29.8,59.4,6.5,101.4,Cotton
101,42,46,24.6,65.7,6.4,203.2,Wheat
117,63,112,33.4,51.0,7.3,101.5,Cotton
37,93,107,27.0,55.9,7.3,54.7,Alfalfa
114,53,84,32.4,62.8,7.0,63.8,Cotton
82,40,30,15.7,51.4,6.0,243.5,Wheat
99,55,43,24.9,69.4,7.1,217.6,Wheat
25,64,104,24.6,59.1,6.8,51.5,Alfalfa
117,62,96,28.0,69.2,6.9,94.4,Cotton
82,56,28,26.2,75.5,6.3,133.0,Maize
129,49,28,22.9,79.6,6.3,138.2,Maize
30,91,131,24.6,43.2,6.9,115.0,Alfalfa
23,84,139,22.3,51.0,7.3,116.0,Alfalfa
99,60,36,22.0,77.7,6.3,108.6,Maize
99,57,118,33.5,73.0,6.2,128.0,Cotton
67,43,37,20.6,53.6,6.1,148.0,Wheat
122,64,37,21.6,62.6,6.4,161.8,Maize
29,82,123,21.4,50.3,7.5,102.0,Alfalfa
36,78,122,24.9,61.8,7.3,103.3,Alfalfa
22,75,107,20.5,58.2,7.8,56.9,Alfalfa
111,36,104,30.6,68.3,6.8,76.9,Cotton
107,42,38,20.5,50.1,6.9,105.3,Wheat
73,43,31,22.6,63.6,6.9,226.3,Wheat
135,58,29,21.2,67.7,6.3,158.0,Maize
114,65,29,26.6,60.0,5.7,82.9,Maize
83,67,37,20.9,71.8,6.1,144.2,Maize
106,50,83,25.5,62.2,6.8,114.2,Cotton
129,53,98,25.6,58.4,7.1,123.7,Cotton
18,78,135,19.2,58.4,6.8,76.0,Alfalfa
87,56,44,25.0,68.7,6.8,163.2,Wheat
89,50,106,31.9,74.8,7.1,126.6,Cotton
95,44,44,23.6,66.7,5.5,82.4,Maize
133,52,30,25.2,66.0,6.7,105.9,Maize
105,58,29,28.4,63.7,6.5,125.8,Maize
95,35,33,15.5,68.1,7.1,217.0,Wheat
75,43,110,34.2,61.8,5.8,85.4,Cotton
109,61,31,22.5,78.1,5.8,107.2,Maize
110,49,37,22.7,63.1,6.6,84.7,Maize
137,50,28,23.2,75.4,5.6,103.7,Maize
125,45,99,26.3,72.1,6.5,134.5,Cotton
83,59,116,34.8,56.4,6.9,77.8,Cotton
118,53,104,34.5,74.2,6.1,62.0,Cotton
63,39,36,21.8,60.9,7.2,134.1,Wheat
127,45,118,32.1,63.6,5.9,101.2,Cotton
69,50,34,24.5,67.0,6.8,169.3,Wheat
120,63,118,30.5,51.6,6.7,132.6,Cotton
114,58,41,22.0,65.2,5.7,113.0,Maize
131,61,39,22.0,77.6,6.6,167.1,Maize
23,87,125,23.6,53.8,6.6,74.1,Alfalfa
102,44,114,26.1,66.4,7.2,94.2,Cotton
19,70,111,23.2,47.2,7.5,90.4,Alfalfa
67,52,38,19.0,68.3,6.6,123.7,Wheat
75,46,81,28.2,71.4,7.3,84.9,Cotton
107,35,107,27.0,54.6,7.3,118.9,Cotton
19,63,129,24.2,42.1,7.6,106.3,Alfalfa
134,55,25,24.2,79.7,6.4,143.5,Maize
97,40,110,31.6,53.2,7.0,68.4,Cotton
94,54,113,27.1,59.5,7.5,90.3,Cotton
97,47,35,22.1,56.3,6.6,223.2,Wheat
78,55,103,29.9,70.7,6.4,75.6,Cotton
87,53,30,17.4,52.8,6.4,167.6,Wheat
90,64,40,25.8,74.8,6.5,164.4,Maize
17,92,119,25.4,42.7,6.9,50.3,Alfalfa
21,65,108,24.6,64.8,6.6,55.4,Alfalfa
18,84,137,21.6,41.7,7.5,78.6,Alfalfa
83,38,91,27.3,70.2,5.9,140.9,Cotton
15,65,126,23.6,42.8,7.1,82.2,Alfalfa
122,42,114,29.1,70.1,6.6,61.6,Cotton
93,48,105,34.7,53.2,7.0,147.5,Cotton
24,78,108,26.4,64.5,7.3,89.1,Alfalfa
124,59,98,33.7,52.8,7.0,108.7,Cotton
86,64,88,25.1,61.7,6.3,113.9,Cotton
23,73,129,24.0,41.6,7.6,111.4,Alfalfa
105,51,38,24.9,62.5,6.6,225.7,Wheat
99,46,114,27.7,69.7,6.8,119.3,Cotton
89,39,82,29.9,68.4,6.7,62.9,Cotton
31,93,123,27.6,40.6,7.4,55.8,Alfalfa
91,53,39,21.4,66.8,5.7,97.1,Maize
97,49,48,17.4,60.2,6.1,157.7,Wheat
62,51,41,24.5,62.0,6.9,175.9,Wheat
20,65,121,20.5,49.0,7.1,53.2,Alfalfa
88,62,80,29.5,61.8,6.9,102.3,Cotton
114,54,92,30.4,71.4,5.9,135.0,Cotton
129,35,105,29.6,61.0,6.2,95.7,Cotton
120,48,29,22.8,76.4,6.2,168.0,Maize
23,72,110,18.4,51.3,7.7,61.6,Alfalfa
113,53,91,33.8,66.8,6.2,120.7,Cotton
104,55,36,24.5,64.4,7.0,100.3,Wheat
124,54,41,26.0,73.7,5.6,118.4,Maize
18,77,136,19.2,50.5,7.5,55.0,Alfalfa
130,54,33,29.4,73.4,6.4,116.2,Maize
27,69,113,24.4,62.8,7.3,111.2,Alfalfa
75,61,81,30.3,70.7,7.5,133.8,Cotton
71,32,40,19.9,61.5,6.1,118.5,Wheat
90,54,35,23.5,63.8,6.5,200.9,Wheat
23,89,133,21.8,51.3,7.3,103.2,Alfalfa
22,70,131,21.7,55.0,7.4,98.2,Alfalfa
16,87,136,24.5,41.1,7.5,116.3,Alfalfa
24,77,127,18.1,49.6,7.5,91.7,Alfalfa
97,34,37,18.6,54.4,7.2,168.1,Wheat
118,47,84,27.3,74.4,6.7,72.2,Cotton
106,53,35,23.9,63.2,5.5,155.6,Maize
35,89,136,26.4,49.3,7.0,83.2,Alfalfa
83,57,33,29.8,65.8,6.7,118.9,Maize
91,45,33,24.8,59.6,6.6,125.3,Wheat
82,48,32,18.0,55.2,6.2,108.6,Wheat
123,60,36,28.3,70.9,5.7,138.3,Maize
94,42,44,23.2,54.1,6.9,210.2,Wheat
119,61,43,22.0,67.9,5.6,127.6,Maize
123,53,106,34.1,68.1,6.7,138.3,Cotton
70,36,34,22.9,55.5,7.1,241.6,Wheat
78,55,45,15.9,65.1,6.6,145.4,Wheat
107,45,112,30.6,61.0,6.8,142.7,Cotton
32,76,113,22.6,51.1,7.3,91.4,Alfalfa
27,94,108,18.6,40.1,7.3,70.9,Alfalfa
88,40,82,29.5,62.8,6.9,143.4,Cotton
119,56,108,25.3,71.8,6.7,116.9,Cotton
75,41,31,18.3,64.7,6.6,219.0,Wheat
33,67,125,26.3,47.4,6.5,101.7,Alfalfa
96,30,44,16.4,65.1,6.9,198.8,Wheat
15,94,101,19.0,50.0,7.4,69.6,Alfalfa
99,40,90,28.5,52.8,7.2,145.3,Cotton
124,68,43,25.2,66.0,5.6,130.1,Maize
139,55,30,20.5,61.5,6.0,109.5,Maize
103,41,82,33.0,73.2,6.5,141.5,Cotton
98,50,36,17.3,62.8,7.2,190.5,Wheat
78,54,46,22.2,67.3,6.5,223.2,Wheat
131,59,42,22.4,74.3,6.6,160.4,Maize
109,43,37,29.2,74.4,6.0,95.9,Maize
97,63,26,27.2,65.4,6.0,90.3,Maize
88,55,47,17.8,64.1,6.1,225.9,Wheat
65,34,41,22.4,56.3,6.1,154.0,Wheat
23,86,133,21.1,59.7,7.7,80.4,Alfalfa
65,45,41,21.8,52.3,6.1,184.7,Wheat
96,59,89,26.4,56.4,7.3,76.5,Cotton
113,45,96,31.8,73.6,6.3,102.8,Cotton
26,76,136,23.0,49.6,7.6,83.3,Alfalfa
87,48,114,28.7,51.3,7.1,97.5,Cotton
95,31,45,18.7,67.4,6.9,197.2,Wheat
114,57,113,28.9,73.3,6.0,126.3,Cotton
123,51,32,24.7,71.6,5.6,84.3,Maize
108,51,39,20.4,52.0,6.8,136.3,Wheat
103,41,41,21.2,68.3,6.1,120.4,Maize
71,51,49,15.1,59.3,7.2,177.9,Wheat
80,59,40,27.7,70.4,6.8,92.6,Maize
101,56,44,23.1,52.4,6.3,102.6,Wheat
84,30,36,18.5,57.4,6.0,145.0,Wheat
82,41,115,33.5,50.6,7.3,130.5,Cotton
67,42,33,24.0,64.2,7.1,190.5,Wheat
74,57,41,15.6,69.2,7.1,217.8,Wheat
89,52,90,34.6,51.9,6.4,80.3,Cotton
76,44,105,33.5,57.9,6.3,148.3,Cotton
109,38,110,31.7,56.5,6.4,142.6,Cotton
123,62,110,32.1,51.6,6.1,60.7,Cotton
110,45,112,34.6,63.2,6.2,105.1,Cotton
105,34,35,17.7,66.1,6.6,182.0,Wheat
90,59,32,16.7,58.9,6.3,107.5,Wheat
76,45,40,22.9,67.1,6.3,244.1,Wheat
73,37,105,30.2,55.5,6.6,142.7,Cotton
37,77,125,18.1,60.7,7.5,74.9,Alfalfa
102,40,45,24.8,65.1,6.2,171.5,Wheat
105,49,109,31.4,66.7,6.1,110.9,Cotton
108,61,36,20.1,60.2,6.0,172.6,Maize
122,60,34,23.2,77.0,6.4,89.5,Maize
86,54,32,23.9,50.0,7.1,123.1,Wheat
16,60,131,23.1,52.0,7.3,56.4,Alfalfa
114,42,41,24.4,65.5,6.3,179.2,Maize
79,50,47,21.6,54.8,6.2,237.7,Wheat
92,44,90,32.5,55.7,7.4,73.3,Cotton
114,43,108,29.3,68.0,6.8,98.5,Cotton
95,53,98,26.4,60.8,7.3,136.1,Cotton
80,43,33,23.2,67.8,6.7,130.7,Wheat
110,50,98,30.9,50.8,6.9,92.8,Cotton
94,42,29,24.6,61.9,6.6,84.8,Maize
103,63,103,28.5,70.6,6.7,101.7,Cotton
82,42,34,18.9,60.9,6.6,188.6,Wheat
123,40,116,32.2,55.0,6.1,60.9,Cotton
72,53,101,32.3,74.2,6.2,119.7,Cotton
23,64,112,22.2,47.6,6.9,99.9,Alfalfa
33,73,135,27.8,58.9,7.0,91.3,Alfalfa
75,56,39,22.1,53.3,6.9,187.6,Wheat
24,81,116,24.0,47.4,7.4,103.1,Alfalfa
128,40,43,23.7,78.7,6.6,149.7,Maize
108,61,85,34.2,67.4,7.0,137.6,Cotton
93,56,38,17.0,56.9,6.4,246.8,Wheat
31,71,100,21.1,52.1,7.2,77.1,Alfalfa
87,51,98,32.8,53.1,7.2,115.4,Cotton
134,43,43,27.1,70.7,6.2,123.0,Maize
86,45,35,16.2,69.2,6.9,242.9,Wheat
128,45,89,33.1,66.9,6.9,88.5,Cotton
130,64,29,20.7,66.3,6.7,165.1,Maize
33,77,115,19.6,44.7,6.5,77.3,Alfalfa
86,41,46,24.3,58.6,7.1,190.8,Wheat
128,35,98,31.8,51.8,6.1,94.3,Cotton
72,49,36,21.3,54.0,6.5,212.6,Wheat
89,63,103,27.8,60.8,7.5,66.1,Cotton
69,46,31,24.7,52.3,6.5,210.7,Wheat
99,48,41,23.5,68.0,5.8,100.5,Maize
94,45,31,17.9,63.1,7.2,190.5,Wheat
29,79,126,22.3,57.4,7.1,56.4,Alfalfa
109,60,26,27.0,67.5,6.2,125.1,Maize
117,40,115,27.5,50.1,6.1,70.5,Cotton
69,50,44,17.1,68.8,6.0,215.8,Wheat
103,64,104,25.5,65.7,6.5,144.3,Cotton
95,48,30,17.2,64.5,6.7,210.9,Wheat
127,45,41,25.0,74.9,5.9,169.0,Maize
84,57,44,17.6,58.7,6.9,101.4,Wheat
97,51,99,27.0,66.3,7.2,64.5,Cotton
116,35,84,25.8,72.8,6.4,98.2,Cotton
137,40,35,25.9,67.4,5.9,168.5,Maize
33,72,102,24.2,58.6,7.5,86.5,Alfalfa
28,76,108,20.1,60.0,6.9,110.6,Alfalfa
96,38,47,22.9,59.1,6.8,137.3,Wheat
107,60,119,29.4,66.2,7.4,65.8,Cotton
101,50,37,23.0,70.1,5.6,129.1,Maize
97,49,80,32.6,60.2,6.9,83.4,Cotton
100,55,29,27.9,78.9,6.5,152.1,Maize
34,78,134,26.1,40.2,7.7,81.0,Alfalfa
102,64,44,28.7,76.6,5.8,160.9,Maize
95,43,39,18.7,55.4,6.3,147.8,Wheat
68,35,48,23.3,57.0,6.6,219.2,Wheat
31,71,122,22.6,50.4,6.5,70.7,Alfalfa
19,82,112,25.2,49.6,7.1,80.1,Alfalfa
22,80,101,23.3,59.7,6.9,87.9,Alfalfa
96,69,35,27.3,77.6,5.7,143.5,Maize
18,93,108,20.1,47.8,6.7,67.1,Alfalfa
33,74,127,23.7,64.7,7.0,102.8,Alfalfa
78,32,39,19.1,65.1,6.2,149.1,Wheat
60,31,45,24.5,63.9,6.6,240.0,Wheat
38,85,116,20.1,49.8,7.7,64.3,Alfalfa
98,50,30,15.2,65.9,6.1,171.1,Wheat
35,91,125,20.5,40.2,7.4,87.5,Alfalfa
88,54,45,17.0,52.5,6.3,179.7,Wheat
78,48,31,19.0,59.7,6.0,161.5,Wheat
99,47,48,17.8,54.2,6.1,171.9,Wheat
39,74,127,23.5,64.5,7.1,85.9,Alfalfa
94,59,34,23.2,64.4,6.0,117.3,Maize
37,63,110,24.6,57.7,6.5,65.2,Alfalfa
128,48,26,27.7,71.0,5.6,156.7,Maize
137,44,40,27.5,76.1,6.2,94.0,Maize
78,41,36,21.6,56.9,6.5,123.8,Wheat
92,37,100,31.5,72.2,6.8,116.9,Cotton
91,49,37,27.1,67.7,6.3,98.5,Maize
61,59,41,22.2,64.9,6.7,187.7,Wheat
91,58,42,29.6,68.6,6.2,133.3,Maize
20,62,129,20.3,53.2,7.6,82.4,Alfalfa
92,66,28,28.2,61.3,6.5,162.2,Maize
92,57,85,32.9,69.3,7.1,73.6,Cotton
70,39,101,25.3,72.0,6.2,110.2,Cotton
115,52,85,29.3,55.0,6.7,126.3,Cotton
22,72,137,18.9,58.7,7.6,99.5,Alfalfa
127,66,44,29.0,78.7,6.5,147.4,Maize
27,86,134,23.7,47.6,6.9,117.3,Alfalfa
35,70,129,21.1,56.4,6.8,51.0,Alfalfa
103,57,41,27.6,60.8,6.6,142.0,Maize
17,75,104,26.6,54.7,7.3,119.3,Alfalfa
33,61,109,19.4,54.5,7.2,110.8,Alfalfa
28,93,127,23.3,45.3,7.8,118.7,Alfalfa
123,51,99,34.4,62.6,7.4,135.0,Cotton
37,77,122,27.3,55.8,6.6,95.1,Alfalfa
100,51,39,20.5,65.0,7.0,162.1,Wheat
81,56,101,30.8,61.3,7.4,65.5,Cotton
127,40,35,24.5,69.1,6.4,171.0,Maize
125,60,109,33.8,64.6,7.2,117.8,Cotton
105,50,32,20.9,71.9,6.4,86.7,Maize
109,56,44,28.8,77.7,6.4,101.1,Maize
106,53,45,18.8,66.0,7.1,118.8,Wheat
34,76,130,27.7,51.6,7.6,54.4,Alfalfa
129,41,91,33.2,71.3,7.4,67.7,Cotton
16,66,133,22.7,41.4,7.7,55.2,Alfalfa
19,79,102,27.9,44.2,6.6,50.6,Alfalfa
22,70,107,20.2,40.5,7.6,75.6,Alfalfa
82,38,116,26.7,72.5,7.1,66.9,Cotton
125,57,101,29.8,57.6,6.8,132.3,Cotton
97,39,37,18.0,56.2,6.0,126.1,Wheat
31,60,130,21.1,60.6,6.6,79.3,Alfalfa
81,42,45,20.5,69.8,6.8,129.9,Wheat
37,72,116,25.7,63.5,6.5,86.6,Alfalfa
75,38,41,19.8,66.8,6.4,229.0,Wheat
95,62,31,24.5,75.2,5.7,99.6,Maize
108,34,35,20.7,61.6,6.6,196.7,Wheat
129,41,87,28.7,66.5,6.0,111.4,Cotton
122,64,82,27.2,54.6,7.2,85.7,Cotton
97,37,37,18.7,65.7,6.3,240.8,Wheat
128,46,110,30.7,58.4,7.5,62.3,Cotton
35,79,138,23.9,58.8,7.3,92.0,Alfalfa
79,49,42,17.3,55.3,6.7,129.9,Wheat
127,42,106,25.4,57.3,6.2,81.4,Cotton
27,87,124,25.0,55.4,7.5,85.9,Alfalfa
118,52,42,24.0,76.6,5.7,83.0,Maize
107,52,46,20.1,62.3,7.1,176.5,Wheat
35,82,129,23.5,51.0,7.6,61.2,Alfalfa
25,93,115,20.4,41.2,7.4,57.8,Alfalfa
67,37,41,18.8,66.0,6.5,212.6,Wheat
31,92,131,23.6,61.4,7.6,114.9,Alfalfa
129,45,29,27.5,68.6,5.6,108.3,Maize
25,83,120,27.6,56.7,7.7,68.6,Alfalfa
65,48,35,18.0,62.4,6.7,175.9,Wheat
105,56,35,23.4,69.1,6.4,134.3,Maize
124,62,98,28.1,58.5,5.9,99.9,Cotton
101,47,45,23.3,68.7,6.2,155.9,Wheat
107,46,106,25.9,54.1,6.8,73.5,Cotton
124,64,26,21.9,60.1,5.6,170.5,Maize
109,44,98,34.0,70.4,7.1,65.0,Cotton
17,71,125,25.2,61.4,7.0,103.0,Alfalfa
92,50,80,29.4,68.2,7.4,114.3,Cotton
118,54,101,26.7,62.1,6.0,121.4,Cotton
137,53,44,27.3,72.6,6.3,119.0,Maize
128,50,40,22.2,60.3,6.3,90.6,Maize
36,82,102,22.1,54.0,7.7,55.8,Alfalfa
19,88,104,18.7,54.9,7.5,52.3,Alfalfa
90,67,36,21.0,63.5,6.2,109.6,Maize
87,55,38,15.3,65.6,6.3,121.6,Wheat
34,84,111,23.2,45.5,7.8,90.2,Alfalfa
101,51,39,23.2,66.4,6.6,152.6,Wheat
116,51,96,30.6,53.9,7.2,92.3,Cotton
65,32,43,16.8,52.8,6.7,214.3,Wheat
108,50,32,15.2,63.6,6.1,163.1,Wheat
105,54,29,23.1,65.0,6.4,141.9,Maize
86,59,93,33.4,55.6,6.2,106.1,Cotton
25,94,116,24.5,45.8,7.4,115.8,Alfalfa
109,58,96,34.0,74.1,6.6,127.5,Cotton
137,53,29,20.7,67.9,5.7,95.7,Maize
85,64,83,29.2,54.2,7.3,110.1,Cotton
87,63,39,27.3,79.2,5.8,168.6,Maize
113,53,118,31.4,65.7,6.5,127.7,Cotton
129,44,31,27.3,76.5,5.7,163.3,Maize
135,65,38,21.1,75.4,6.2,123.4,Maize
22,91,108,21.1,54.3,6.9,52.7,Alfalfa
24,70,116,25.0,48.1,6.8,64.8,Alfalfa
91,58,85,29.4,53.3,6.4,115.7,Cotton
101,32,38,21.0,63.2,6.8,118.1,Wheat
68,52,39,21.2,54.5,6.4,182.0,Wheat
104,67,26,21.7,68.4,6.5,169.8,Maize
105,55,38,15.5,53.2,6.4,111.5,Wheat
25,80,120,27.5,47.6,6.8,69.6,Alfalfa
91,64,34,29.3,64.3,6.0,81.0,Maize
35,85,115,18.1,59.7,6.9,52.8,Alfalfa
129,47,83,34.7,63.6,6.3,123.8,Cotton
22,66,139,18.9,50.3,6.7,65.5,Alfalfa
95,50,37,24.3,51.9,6.5,150.6,Wheat
106,64,102,27.1,68.8,5.9,104.3,Cotton
88,32,44,18.9,60.6,6.2,185.8,Wheat
106,61,108,26.5,56.7,6.4,96.8,Cotton
87,39,115,30.8,58.4,7.2,82.2,Cotton
108,43,44,29.0,65.9,5.8,121.1,Maize
131,54,39,28.3,73.5,6.6,119.7,Maize
92,64,90,28.6,66.8,6.3,67.3,Cotton
88,49,31,21.2,63.4,6.0,156.2,Maize
90,48,31,19.3,58.9,6.7,199.8,Wheat
85,50,118,34.3,67.2,7.2,110.1,Cotton
76,60,91,25.4,72.2,7.5,86.5,Cotton
122,44,86,27.5,71.6,6.0,71.3,Cotton
119,45,90,33.5,58.1,7.0,113.5,Cotton
128,55,26,25.8,68.6,5.9,156.9,Maize
69,57,39,17.3,62.5,6.9,132.8,Wheat
75,42,49,22.0,52.3,7.2,127.5,Wheat
61,41,37,16.3,50.6,6.7,221.0,Wheat
89,41,81,29.3,63.7,6.1,86.6,Cotton
39,73,101,18.5,62.3,7.2,89.5,Alfalfa
90,44,93,33.4,53.2,7.2,137.7,Cotton
135,45,28,29.9,74.5,6.5,179.4,Maize
94,35,115,31.1,64.5,6.2,128.1,Cotton
128,39,83,28.3,53.2,6.6,63.8,Cotton
85,51,102,30.6,58.6,6.0,68.5,Cotton
106,41,31,18.2,67.9,6.8,143.2,Wheat
94,50,25,20.1,66.5,6.2,94.8,Maize
102,47,37,29.6,71.3,6.2,88.5,Maize
90,51,31,21.1,57.8,6.3,114.2,Wheat
113,57,111,26.8,74.7,6.6,107.9,Cotton
95,42,44,25.8,76.2,5.9,110.6,Maize
61,58,49,21.8,56.3,6.2,194.9,Wheat
19,86,111,23.7,46.4,7.5,79.8,Alfalfa
20,86,112,24.7,59.2,6.9,84.4,Alfalfa
81,40,48,17.3,61.0,6.6,142.3,Wheat
25,72,127,25.7,56.3,7.6,118.3,Alfalfa
37,73,110,24.4,60.5,6.6,84.9,Alfalfa
75,48,117,31.5,53.8,7.5,109.0,Cotton
123,49,86,31.4,61.7,6.1,123.2,Cotton
91,50,43,29.1,60.4,5.9,85.7,Maize
63,40,46,21.8,56.1,6.4,182.6,Wheat
82,47,40,24.7,57.6,6.1,150.9,Wheat
83,48,114,31.6,74.9,6.6,91.9,Cotton
104,44,43,23.8,58.3,6.5,199.0,Wheat
123,54,117,29.6,60.4,7.0,72.2,Cotton
100,39,39,17.6,60.5,6.1,230.2,Wheat
60,41,31,15.4,62.4,6.8,132.2,Wheat
32,68,134,19.2,46.4,6.9,87.1,Alfalfa
28,77,127,21.0,43.6,6.7,80.3,Alfalfa
106,51,118,34.4,68.9,6.8,134.6,Cotton
101,50,26,26.3,76.6,6.5,107.7,Maize
15,85,122,21.3,49.9,7.3,106.1,Alfalfa
19,77,130,28.0,40.3,7.7,60.4,Alfalfa
123,64,106,28.4,71.8,5.8,80.4,Cotton
35,74,101,24.4,49.5,6.6,92.0,Alfalfa
32,92,130,26.2,60.7,7.3,74.7,Alfalfa
83,51,31,23.3,62.6,6.9,189.8,Wheat
30,90,113,19.6,50.4,6.5,83.5,Alfalfa
124,61,29,26.0,75.3,6.2,102.7,Maize
29,66,128,18.1,43.6,7.5,67.1,Alfalfa
20,71,137,23.1,52.1,7.0,108.7,Alfalfa
116,38,100,25.3,63.8,6.7,149.5,Cotton
73,42,36,16.0,50.9,6.2,181.2,Wheat
103,30,39,24.5,66.8,6.4,111.6,Wheat
94,51,105,32.6,67.0,6.1,65.3,Cotton
126,44,35,20.5,78.6,5.6,108.6,Maize
39,87,126,25.7,50.3,7.3,90.6,Alfalfa
115,59,113,25.4,74.2,6.7,146.7,Cotton
27,72,104,19.0,44.5,7.5,97.4,Alfalfa
27,71,112,20.8,48.7,7.5,119.5,Alfalfa
85,43,43,23.3,54.5,6.5,161.5,Wheat
36,82,118,21.3,58.3,7.0,90.5,Alfalfa
34,85,134,19.4,50.4,7.2,78.2,Alfalfa
36,81,115,24.3,59.2,7.8,50.8,Alfalfa
37,81,120,22.3,43.2,7.0,74.8,Alfalfa
37,82,131,21.6,54.8,7.2,61.3,Alfalfa
98,52,42,17.2,51.4,7.0,138.2,Wheat
32,79,126,20.6,57.4,7.2,105.7,Alfalfa
119,55,37,24.9,62.7,5.8,121.9,Maize
87,38,31,17.9,50.1,6.6,142.8,Wheat
85,52,35,25.8,78.8,5.7,127.2,Maize
88,52,103,30.2,72.4,6.1,62.0,Cotton
112,36,104,28.2,65.7,7.2,115.0,Cotton
130,48,25,23.3,63.3,5.7,159.1,Maize
113,64,37,25.9,68.5,6.3,88.2,Maize
24,69,129,25.1,54.5,6.5,75.2,Alfalfa
29,63,139,24.7,60.0,7.7,51.4,Alfalfa
39,64,104,23.6,56.6,7.4,115.2,Alfalfa
124,49,33,28.8,61.0,5.8,169.7,Maize
70,32,34,16.4,67.2,6.6,201.2,Wheat
139,63,33,27.6,66.3,6.0,101.0,Maize
108,55,102,28.9,59.3,7.3,73.6,Cotton
32,79,116,19.8,64.1,7.1,94.2,Alfalfa
20,62,134,22.3,56.1,7.5,66.3,Alfalfa
33,75,123,26.3,59.9,6.9,103.6,Alfalfa
128,58,30,26.4,60.5,6.5,170.3,Maize
119,58,32,20.8,72.0,6.1,134.6,Maize
72,36,39,22.6,52.9,6.8,241.8,Wheat
84,52,46,21.7,54.6,6.3,145.9,Wheat
72,45,117,25.1,61.1,5.9,121.4,Cotton
22,79,131,25.8,60.1,7.8,91.8,Alfalfa
125,56,83,31.2,66.0,6.3,137.4,Cotton
86,45,35,15.9,53.9,7.0,201.5,Wheat
109,33,34,20.1,62.1,6.6,224.3,Wheat
72,54,114,33.4,66.8,7.0,92.7,Cotton
83,49,47,19.1,67.7,6.1,244.2,Wheat
32,67,114,20.5,63.6,6.9,104.3,Alfalfa
101,64,92,34.8,59.2,6.4,91.0,Cotton
97,61,31,28.8,70.1,6.2,93.8,Maize
96,56,81,25.7,66.6,6.8,97.4,Cotton
81,32,34,23.2,63.0,6.5,168.7,Wheat
134,41,28,25.1,66.4,6.3,179.6,Maize
64,49,45,18.8,61.4,6.6,229.3,Wheat
88,50,28,25.1,65.6,6.6,155.3,Maize
28,92,117,25.2,45.8,7.4,71.5,Alfalfa
77,56,40,22.4,64.2,6.3,212.4,Wheat
75,64,95,27.3,68.8,6.3,116.2,Cotton
87,56,92,32.4,67.2,7.2,139.0,Cotton
102,61,43,20.3,70.7,5.5,160.8,Maize
121,46,32,22.8,75.7,6.7,119.9,Maize
122,68,38,28.6,66.5,6.7,92.2,Maize
99,63,30,29.9,79.0,5.7,133.8,Maize
33,81,134,21.6,51.0,7.8,106.6,Alfalfa
23,93,100,27.5,41.5,6.9,70.9,Alfalfa
102,64,39,27.8,62.4,6.3,92.4,Maize
103,37,80,33.2,63.6,5.9,146.0,Cotton
35,75,139,20.1,42.9,7.6,85.2,Alfalfa
82,36,41,21.1,60.1,7.1,242.9,Wheat
93,55,31,25.9,74.0,5.8,124.7,Maize
75,56,111,29.1,66.6,6.0,96.1,Cotton
32,65,132,18.4,46.8,7.7,116.8,Alfalfa
112,54,28,21.8,67.8,6.7,94.1,Maize
15,75,122,24.2,51.9,7.1,103.8,Alfalfa
37,88,133,22.5,53.3,7.5,107.8,Alfalfa
32,66,100,23.6,56.8,7.7,93.3,Alfalfa
113,69,28,25.5,64.8,6.1,176.8,Maize
24,71,115,25.0,49.1,7.6,64.3,Alfalfa
138,57,26,23.8,70.3,6.0,99.9,Maize
91,60,112,33.5,68.1,6.4,67.8,Cotton
104,53,37,17.1,60.9,6.3,227.3,Wheat
126,62,103,28.1,73.2,6.1,146.9,Cotton
127,45,100,30.5,72.1,6.7,108.1,Cotton
121,55,44,29.2,66.6,6.0,156.0,Maize
18,77,119,23.8,54.5,6.6,72.0,Alfalfa
29,87,136,26.7,42.2,7.1,98.4,Alfalfa
107,56,42,28.3,63.8,6.7,135.4,Maize
102,46,82,29.3,71.2,6.4,131.5,Cotton
66,43,43,20.4,50.8,6.9,166.9,Wheat
69,51,45,18.9,61.7,6.6,192.9,Wheat
85,41,93,30.5,55.1,6.3,127.4,Cotton
79,32,49,20.3,57.9,6.7,220.8,Wheat
71,55,41,20.4,62.4,6.8,200.0,Wheat
87,45,33,15.5,50.4,6.4,150.0,Wheat
107,57,31,16.5,64.6,6.7,209.7,Wheat
115,53,40,23.1,78.7,6.2,129.7,Maize
91,52,91,33.4,65.4,6.4,77.3,Cotton
117,53,85,27.1,71.3,5.9,92.0,Cotton
70,44,32,16.7,64.1,6.6,195.3,Wheat
65,46,37,18.2,61.2,7.0,200.0,Wheat
37,73,113,25.0,44.8,6.6,87.3,Alfalfa
137,56,41,27.9,76.2,6.1,85.7,Maize
92,41,34,27.1,78.0,6.3,92.4,Maize
86,44,113,26.8,58.2,6.6,62.2,Cotton
78,36,87,27.8,53.4,7.0,133.2,Cotton
77,38,108,28.9,62.7,7.3,127.5,Cotton
100,51,42,20.7,77.9,6.0,108.8,Maize
117,45,36,23.2,77.0,5.6,85.0,Maize
32,83,109,24.7,48.4,6.7,69.7,Alfalfa
38,92,117,18.7,42.7,7.6,66.8,Alfalfa
24,91,125,22.7,59.8,7.0,79.7,Alfalfa
21,92,120,20.5,42.5,7.0,93.2,Alfalfa
32,77,123,24.2,62.1,6.8,78.3,Alfalfa
70,31,33,20.2,55.7,6.6,227.2,Wheat
116,69,43,22.0,65.3,5.7,89.6,Maize
132,64,32,21.7,70.9,5.7,86.4,Maize
17,85,139,23.6,52.9,6.6,51.1,Alfalfa
87,47,116,31.0,52.0,7.0,143.9,Cotton
81,50,102,30.8,69.2,6.5,139.2,Cotton
70,39,49,21.2,52.6,6.4,130.3,Wheat
21,87,131,21.0,55.6,6.7,76.1,Alfalfa
80,46,105,34.4,74.9,6.6,82.7,Cotton
86,36,37,17.1,69.0,6.4,247.9,Wheat
85,55,104,25.1,59.6,6.3,63.4,Cotton
71,34,49,18.9,66.6,6.2,240.3,Wheat
98,39,42,21.8,57.3,7.1,141.3,Wheat
66,53,38,22.7,68.6,6.2,219.7,Wheat
94,44,43,22.4,64.1,6.7,171.9,Maize
109,38,104,29.1,56.0,6.9,117.6,Cotton
77,40,32,20.4,63.1,6.3,189.0,Wheat
100,42,47,22.4,54.6,6.1,145.0,Wheat
80,46,41,24.0,61.1,6.3,168.4,Maize
31,82,121,18.8,47.1,7.3,67.9,Alfalfa
83,37,44,18.7,69.6,6.5,175.3,Wheat
118,62,105,30.8,69.9,7.3,101.1,Cotton
99,46,109,34.7,67.4,5.9,137.7,Cotton
31,71,120,22.2,61.9,6.8,107.9,Alfalfa
79,44,45,20.1,55.8,6.6,228.7,Wheat
124,57,38,21.3,66.0,6.5,127.2,Maize
39,63,133,26.2,40.2,7.1,73.0,Alfalfa
19,69,109,25.1,64.6,6.6,56.8,Alfalfa
118,41,93,26.8,51.0,5.8,129.7,Cotton
90,49,37,19.3,50.5,6.9,101.6,Wheat
135,40,35,25.4,69.5,6.0,168.7,Maize
66,55,45,24.6,60.2,6.5,141.8,Wheat
74,58,100,30.8,57.1,6.3,96.4,Cotton
104,32,39,20.8,51.7,6.2,165.9,Wheat
124,62,44,23.2,61.7,5.9,176.7,Maize
20,72,122,25.9,55.6,7.7,97.6,Alfalfa
121,49,44,27.9,60.5,6.2,148.8,Maize
31,64,138,26.7,63.9,6.8,111.8,Alfalfa
114,38,117,26.3,51.4,7.2,65.3,Cotton
120,58,93,28.0,52.3,6.9,72.0,Cotton
103,50,27,20.1,77.9,5.5,104.0,Maize
93,62,114,30.8,58.6,7.2,81.4,Cotton
104,30,39,17.6,50.2,6.8,176.7,Wheat
127,53,42,26.5,77.5,5.8,125.0,Maize
16,66,135,18.9,51.4,7.0,110.7,Alfalfa
87,58,27,25.5,70.3,6.4,163.7,Maize
94,62,91,26.6,54.3,6.3,70.8,Cotton
97,52,33,23.2,52.8,6.9,107.2,Wheat
84,51,42,20.1,75.3,6.2,157.9,Maize
26,76,103,22.1,40.1,7.6,76.7,Alfalfa
37,93,105,22.9,64.7,6.9,77.7,Alfalfa
28,65,136,22.6,45.4,6.7,116.7,Alfalfa
26,88,116,24.2,53.6,6.7,70.3,Alfalfa
65,48,34,22.2,50.1,6.6,120.9,Wheat
83,63,27,28.0,64.8,5.6,111.7,Maize
38,84,139,18.9,58.7,6.5,95.1,Alfalfa
109,51,114,31.4,74.8,7.1,80.3,Cotton
112,61,105,29.4,53.4,7.3,133.4,Cotton
93,39,99,33.5,51.3,6.0,111.2,Cotton
69,30,37,19.3,61.4,6.0,139.1,Wheat
90,69,31,21.7,70.9,6.4,124.5,Maize
25,66,101,27.3,43.1,7.3,53.7,Alfalfa
94,46,86,28.0,61.4,6.1,87.4,Cotton
85,45,26,29.0,72.6,6.1,83.9,Maize
106,51,112,29.6,63.2,5.9,117.5,Cotton
96,59,48,17.9,60.9,6.2,203.7,Wheat
102,40,40,21.0,62.9,6.6,132.8,Maize
75,56,34,21.5,67.4,7.0,193.9,Wheat
27,86,125,20.6,43.4,6.8,77.0,Alfalfa
16,74,131,25.1,42.8,7.5,69.3,Alfalfa
98,33,32,22.9,62.1,6.8,249.7,Wheat
15,80,138,27.7,64.4,6.6,107.5,Alfalfa
138,40,27,25.4,65.1,6.5,155.2,Maize
72,53,81,33.3,67.5,6.6,65.0,Cotton
113,67,30,29.3,72.8,5.9,132.5,Maize
106,35,45,18.6,59.6,6.4,202.4,Wheat
85,35,41,15.6,56.9,6.8,115.4,Wheat
106,37,110,34.7,74.6,6.6,138.2,Cotton
20,85,137,26.4,61.9,6.8,88.5,Alfalfa
107,55,87,34.1,70.5,7.1,64.4,Cotton
125,57,40,25.8,73.7,6.5,152.7,Maize
89,47,116,25.6,64.7,7.2,61.6,Cotton
117,40,110,33.2,58.2,6.4,113.7,Cotton
82,60,108,32.4,65.6,6.8,126.8,Cotton
101,36,39,18.5,52.5,6.2,201.4,Wheat
86,30,39,20.1,56.9,6.4,190.3,Wheat
85,60,26,20.7,73.2,6.6,147.3,Maize
108,58,99,31.4,57.9,7.4,63.0,Cotton
120,54,27,27.1,63.5,5.8,129.4,Maize
92,40,34,27.6,70.0,6.7,94.7,Maize
74,45,44,21.8,61.9,6.9,146.4,Wheat
19,94,112,27.8,47.3,6.9,74.8,Alfalfa
21,62,111,20.7,62.4,6.6,96.0,Alfalfa
66,33,49,19.5,68.9,6.8,145.2,Wheat
104,50,109,25.9,53.6,6.0,98.1,Cotton
64,48,40,22.3,66.8,6.7,113.0,Wheat
122,52,95,31.6,63.4,7.0,121.4,Cotton
29,88,125,22.6,62.3,7.2,108.3,Alfalfa
128,44,26,26.9,73.5,6.8,178.6,Maize
29,79,101,19.1,59.5,7.7,76.8,Alfalfa
98,41,93,29.4,57.8,7.1,144.3,Cotton
122,56,29,28.7,74.7,5.8,86.7,Maize
88,58,47,22.2,55.1,6.9,104.2,Wheat
63,47,47,16.5,66.5,6.3,197.8,Wheat
32,77,119,26.2,65.0,6.8,68.6,Alfalfa
112,67,44,29.2,70.1,6.5,93.6,Maize
27,68,131,25.3,53.0,6.8,104.7,Alfalfa
136,68,33,23.4,79.6,6.3,121.6,Maize
98,41,32,23.2,55.6,6.1,108.5,Wheat
100,46,81,27.4,57.6,6.6,65.7,Cotton
135,50,26,26.4,61.4,6.0,133.5,Maize
62,55,35,23.0,61.9,7.1,161.6,Wheat
90,46,26,24.2,62.9,5.6,81.7,Maize
132,66,42,23.5,63.5,6.3,168.2,Maize
23,79,139,26.6,50.2,7.5,60.1,Alfalfa
22,91,125,22.4,53.1,6.8,102.5,Alfalfa
110,35,98,33.8,56.7,7.5,94.5,Cotton
81,42,84,29.4,51.7,6.8,113.8,Cotton
27,87,132,23.4,41.3,7.4,53.9,Alfalfa
95,52,31,25.1,68.8,5.7,109.1,Maize
125,57,30,20.0,71.9,6.4,141.9,Maize
88,55,35,23.3,59.3,6.6,240.2,Wheat
101,58,40,23.8,62.0,6.3,124.7,Maize
68,44,49,19.1,68.5,6.9,162.8,Wheat
82,49,30,23.6,72.6,6.4,123.0,Maize
71,34,32,17.5,64.4,6.9,201.0,Wheat
32,71,112,23.1,40.6,7.0,65.4,Alfalfa
115,50,38,28.5,72.7,5.6,100.7,Maize
102,45,39,16.0,64.0,6.4,140.3,Wheat
117,58,32,21.5,63.2,6.5,141.6,Maize
62,51,47,18.7,65.4,7.0,160.1,Wheat
138,45,36,24.8,78.0,6.7,88.7,Maize
72,46,118,32.9,55.0,7.2,136.5,Cotton
80,40,34,15.5,53.0,6.6,186.4,Wheat
125,44,43,29.6,60.9,5.7,81.4,Maize
86,32,31,21.7,66.5,6.0,181.3,Wheat
79,58,35,21.7,52.5,6.9,131.5,Wheat
62,30,30,16.7,67.4,6.7,123.6,Wheat
17,71,129,18.7,55.7,6.8,106.3,Alfalfa
35,79,130,20.1,58.4,7.6,86.5,Alfalfa
129,50,91,28.0,50.0,7.4,142.6,Cotton
103,55,39,24.5,62.0,5.5,141.6,Maize
128,52,94,27.3,66.0,6.2,124.2,Cotton
87,51,97,33.7,64.8,6.0,98.5,Cotton
95,52,108,32.6,52.6,6.7,133.3,Cotton
82,54,40,24.5,60.7,6.5,227.2,Wheat
38,72,117,22.9,61.2,7.6,78.2,Alfalfa
91,58,46,24.2,68.2,6.7,179.2,Wheat
63,39,39,22.7,52.1,6.9,125.6,Wheat
128,55,31,23.2,70.9,6.2,115.7,Maize
80,47,40,18.8,55.2,6.3,168.7,Wheat
94,36,88,32.1,50.5,6.5,129.8,Cotton
60,34,35,24.2,61.7,6.6,222.7,Wheat
133,46,38,28.2,68.6,5.7,108.2,Maize
86,48,119,27.3,53.1,6.0,112.5,Cotton
39,91,117,19.3,62.9,7.1,81.8,Alfalfa
89,56,101,25.5,52.8,5.8,150.0,Cotton
31,89,122,19.2,54.7,7.4,64.0,Alfalfa
109,40,41,15.2,52.0,6.5,240.0,Wheat
33,70,127,21.6,42.7,7.6,104.8,Alfalfa
32,73,109,24.3,63.7,7.3,87.8,Alfalfa
98,43,40,15.3,64.9,6.9,120.4,Wheat
100,67,44,23.0,65.0,6.0,105.5,Maize
87,48,43,25.7,73.0,5.9,126.0,Maize
76,40,31,23.9,50.2,7.1,185.8,Wheat
81,54,41,25.0,62.2,6.0,104.1,Maize
115,40,103,26.4,53.6,7.0,117.9,Cotton
119,54,39,26.9,63.1,5.8,164.2,Maize
102,57,37,22.0,58.1,7.1,197.5,Wheat
34,88,127,22.8,47.9,7.5,97.7,Alfalfa
124,60,32,22.4,78.6,5.6,106.8,Maize
108,49,105,26.5,70.0,7.0,77.1,Cotton
118,67,38,21.8,79.1,5.6,115.5,Maize
66,35,34,20.5,53.5,6.5,226.5,Wheat
129,45,119,33.7,72.3,7.4,68.5,Cotton
98,65,33,27.6,72.1,5.7,159.7,Maize
83,46,104,29.6,54.3,6.4,61.6,Cotton
18,78,127,24.6,60.9,6.8,58.4,Alfalfa
101,42,29,29.7,76.9,6.2,178.1,Maize
22,88,129,24.7,56.6,7.1,108.5,Alfalfa
124,42,116,31.2,65.2,7.2,108.7,Cotton
78,56,30,22.1,54.2,6.7,230.2,Wheat
87,64,34,24.5,62.9,6.0,175.2,Maize
79,47,32,18.5,51.7,6.9,146.7,Wheat
30,67,138,22.9,59.4,7.0,81.0,Alfalfa
22,93,131,24.0,61.2,7.7,83.9,Alfalfa
95,68,33,23.4,63.9,6.2,111.5,Maize
69,35,48,20.1,60.9,6.4,112.2,Wheat
88,56,33,24.1,69.3,5.6,83.8,Maize
36,85,113,25.4,44.2,6.7,82.2,Alfalfa
91,63,27,26.5,73.0,6.6,121.8,Maize
76,56,108,34.8,64.9,7.0,60.7,Cotton
76,61,118,34.2,74.2,6.7,101.2,Cotton
72,52,33,23.5,68.1,6.6,194.4,Wheat
107,67,39,21.6,70.1,6.6,146.4,Maize
82,37,45,21.8,60.5,6.9,187.2,Wheat
107,55,40,16.1,53.5,6.8,196.8,Wheat
21,66,137,23.1,64.8,6.8,108.3,Alfalfa
87,56,44,27.5,73.9,6.8,107.8,Maize
106,55,32,24.4,77.1,6.4,168.2,Maize
109,49,45,15.6,67.8,6.4,147.2,Wheat
88,38,33,15.5,57.0,7.0,159.4,Wheat
98,39,45,18.9,68.3,6.9,175.8,Wheat
123,50,44,20.6,65.2,6.1,95.7,Maize
95,47,44,27.2,78.8,6.6,131.5,Maize
75,61,99,30.5,52.9,6.0,107.7,Cotton
101,47,44,20.3,71.9,6.2,176.9,Maize
102,61,113,25.5,52.4,5.9,104.9,Cotton
76,56,104,32.2,55.8,7.0,148.4,Cotton
113,64,96,34.5,62.2,7.0,136.7,Cotton
31,82,131,26.2,56.2,7.8,100.0,Alfalfa
115,44,41,21.2,70.6,5.7,139.2,Maize
132,58,43,29.7,62.2,5.8,129.2,Maize
21,71,109,25.1,46.0,7.0,81.1,Alfalfa
93,57,104,26.5,63.1,7.4,114.7,Cotton
38,70,108,18.8,60.2,7.5,114.1,Alfalfa
33,83,115,26.7,40.8,6.6,109.8,Alfalfa
92,41,31,29.8,63.1,5.8,101.2,Maize
95,46,37,29.1,74.6,6.5,88.0,Maize
82,39,81,27.3,52.9,6.4,79.8,Cotton
98,48,35,20.0,51.2,6.9,193.5,Wheat
128,64,29,23.4,70.4,6.8,149.6,Maize
65,47,39,19.4,56.7,6.6,187.8,Wheat
72,52,93,27.9,63.8,5.8,85.5,Cotton
132,56,26,25.8,63.1,6.0,149.7,Maize
96,52,36,15.1,51.6,7.1,111.7,Wheat
115,50,99,28.8,73.1,6.7,119.6,Cotton
94,61,34,26.7,68.2,6.1,84.9,Maize
92,66,38,23.0,67.7,6.6,154.9,Maize
83,46,107,32.7,72.5,6.6,109.6,Cotton
34,70,133,19.2,43.2,7.2,115.6,Alfalfa
37,82,126,25.6,46.2,6.5,57.1,Alfalfa
120,63,39,25.0,74.5,5.6,120.6,Maize
114,49,25,28.2,63.4,6.6,149.3,Maize
129,46,31,24.1,62.8,6.4,132.5,Maize
135,63,33,29.1,71.7,5.6,125.0,Maize
94,42,35,24.9,77.9,5.8,121.1,Maize
97,44,117,31.9,71.5,6.0,137.8,Cotton
110,58,81,27.4,60.4,6.2,88.9,Cotton
84,50,25,25.7,68.8,6.0,154.6,Maize
35,83,103,21.3,58.6,6.7,59.1,Alfalfa
83,43,33,17.5,51.3,6.2,228.8,Wheat
82,58,105,25.4,56.5,7.3,127.7,Cotton
25,88,136,23.3,50.0,6.9,97.7,Alfalfa
34,69,113,22.2,47.1,6.9,83.8,Alfalfa
130,40,34,22.9,71.4,6.5,117.9,Maize
81,31,43,23.2,68.6,6.7,199.2,Wheat
114,38,88,27.3,67.7,7.2,137.1,Cotton
65,48,45,19.4,54.6,6.3,215.8,Wheat
98,48,34,15.4,61.5,6.9,102.6,Wheat
92,31,44,19.6,54.5,7.1,151.7,Wheat
106,38,92,34.4,50.1,6.2,144.5,Cotton
78,38,32,23.6,59.5,7.2,201.9,Wheat
116,49,114,29.1,57.2,6.7,87.4,Cotton
38,82,124,19.8,44.4,7.7,82.6,Alfalfa
108,30,48,21.0,51.3,7.2,181.6,Wheat
93,43,28,26.1,65.3,5.9,131.1,Maize
85,56,91,29.3,57.2,7.1,100.8,Cotton
89,49,31,23.6,69.6,6.2,111.6,Maize
79,39,38,24.4,67.2,6.7,161.5,Wheat
133,59,25,21.1,73.8,5.8,105.5,Maize
30,76,133,18.6,42.8,6.8,82.5,Alfalfa
31,68,109,26.2,54.1,6.7,57.0,Alfalfa
31,70,119,26.1,52.7,6.6,87.5,Alfalfa
104,42,33,28.1,76.0,6.7,157.0,Maize
85,57,26,20.6,70.4,5.7,176.2,Maize
117,52,92,28.9,58.1,7.4,92.7,Cotton
29,70,119,23.9,54.8,7.4,102.2,Alfalfa
88,53,43,28.4,66.2,6.2,120.1,Maize
95,49,118,34.1,69.5,5.8,89.4,Cotton
30,89,124,27.1,55.8,6.6,113.6,Alfalfa
24,82,112,21.1,47.7,6.7,68.5,Alfalfa
72,50,31,23.6,58.7,6.2,128.7,Wheat
127,62,116,32.7,55.1,6.3,101.9,Cotton
126,50,38,22.1,67.2,5.7,131.0,Maize
100,32,47,23.3,65.1,6.6,116.7,Wheat
111,60,97,29.2,55.7,6.1,63.4,Cotton
17,62,121,20.3,60.0,7.6,83.8,Alfalfa
71,34,40,24.3,63.0,6.5,213.3,Wheat
96,46,119,26.0,70.3,7.3,75.5,Cotton
89,62,83,30.5,66.4,6.4,85.4,Cotton
95,40,92,30.1,54.0,5.9,100.1,Cotton
87,50,31,20.0,56.2,7.0,230.1,Wheat
107,49,44,20.7,65.3,6.2,134.3,Wheat
29,75,101,20.4,62.7,6.6,82.8,Alfalfa
85,48,95,29.1,57.3,6.4,105.8,Cotton
112,69,36,26.4,66.0,5.7,164.3,Maize
104,59,44,19.7,54.0,6.7,109.1,Wheat
126,56,90,26.7,59.5,6.4,71.9,Cotton
16,81,119,25.2,48.8,6.9,83.1,Alfalfa
84,37,45,18.7,67.1,7.0,152.3,Wheat
20,73,135,23.8,56.7,7.7,74.2,Alfalfa
15,86,126,21.9,49.2,7.4,77.1,Alfalfa
17,71,129,20.1,46.3,7.5,69.6,Alfalfa
102,62,40,22.4,61.6,6.0,154.8,Maize
115,40,42,29.6,75.9,6.3,129.3,Maize
26,63,132,18.0,40.2,7.6,68.2,Alfalfa
120,52,36,28.6,78.3,6.8,95.4,Maize
34,84,111,23.9,52.6,6.5,115.3,Alfalfa
39,94,131,18.2,45.1,7.1,111.5,Alfalfa
100,32,48,19.8,59.8,6.1,220.4,Wheat
125,40,40,20.2,65.7,6.1,143.4,Maize
37,74,118,21.9,46.1,7.7,86.5,Alfalfa
97,57,83,34.7,55.5,7.2,65.2,Cotton
15,85,116,18.1,46.4,7.0,82.2,Alfalfa
139,58,37,26.5,72.4,5.9,88.6,Maize
78,54,107,29.5,51.1,6.3,88.8,Cotton
77,44,35,17.8,69.4,6.4,249.7,Wheat
24,79,114,18.7,40.7,6.8,111.7,Alfalfa
19,62,114,19.6,59.7,6.9,72.9,Alfalfa
24,87,122,27.1,43.1,7.2,111.6,Alfalfa
105,69,25,20.7,65.6,5.9,174.5,Maize
32,85,107,24.7,44.1,7.1,101.7,Alfalfa
104,38,36,22.4,65.5,6.8,170.7,Wheat
34,93,131,24.2,55.7,7.7,85.4,Alfalfa
92,49,48,16.0,69.2,7.1,140.6,Wheat
98,50,39,27.3,65.8,6.5,87.0,Maize
107,68,43,27.1,61.0,6.6,125.8,Maize
127,58,92,33.2,58.7,7.2,92.1,Cotton
95,47,107,31.5,61.4,6.5,89.2,Cotton
113,47,108,29.9,61.9,6.6,75.8,Cotton
108,35,37,20.6,59.7,6.6,126.5,Wheat
17,63,136,25.7,63.3,7.7,75.8,Alfalfa
118,49,30,21.1,78.7,5.7,105.3,Maize
33,90,138,22.6,44.3,6.8,85.6,Alfalfa
120,43,35,21.1,62.0,5.5,134.9,Maize
28,72,110,23.4,64.2,6.8,110.1,Alfalfa
83,56,38,23.4,71.2,5.6,156.5,Maize
88,66,27,27.0,63.3,6.5,176.8,Maize
127,46,28,25.3,65.7,5.6,146.9,Maize
29,85,100,26.1,61.3,7.7,68.6,Alfalfa
90,49,41,20.5,60.9,6.4,124.4,Maize
25,65,100,24.7,40.0,7.5,55.5,Alfalfa
32,73,104,19.3,43.1,6.7,52.1,Alfalfa
129,56,37,27.6,72.1,6.2,85.4,Maize
15,89,107,27.5,53.9,6.9,117.3,Alfalfa
104,40,25,21.6,79.6,5.7,128.7,Maize
109,31,38,16.3,58.6,6.3,233.2,Wheat
129,54,82,32.1,62.0,6.5,73.6,Cotton
94,40,40,22.6,60.1,6.4,177.3,Maize
99,36,80,28.2,71.7,6.2,114.7,Cotton
84,64,106,32.4,66.5,6.2,68.8,Cotton
23,94,120,20.3,41.2,6.8,95.8,Alfalfa
25,79,135,26.3,48.7,7.1,59.0,Alfalfa
23,81,126,21.3,41.1,7.1,88.1,Alfalfa
136,43,43,29.8,78.9,5.8,167.5,Maize
97,35,115,28.9,54.9,7.0,73.9,Cotton
72,40,45,24.0,63.5,6.8,114.9,Wheat
92,64,41,20.8,70.5,6.0,138.9,Maize
78,42,37,22.8,66.8,6.7,192.8,Wheat
15,73,115,18.2,48.7,7.4,55.6,Alfalfa
115,49,93,27.8,51.5,6.1,140.6,Cotton
122,56,33,20.7,73.8,6.2,120.5,Maize
102,33,33,20.0,56.7,6.1,113.4,Wheat
124,47,91,30.2,57.6,7.0,137.8,Cotton
31,91,109,24.2,51.1,6.7,95.7,Alfalfa
120,55,83,30.3,68.4,5.9,139.9,Cotton
32,60,134,19.8,50.8,7.6,109.0,Alfalfa
19,78,128,18.1,40.9,7.7,104.3,Alfalfa
73,47,30,18.4,64.2,6.7,138.4,Wheat
96,40,38,19.6,63.5,6.6,114.1,Wheat
17,60,118,28.0,61.1,7.3,52.8,Alfalfa
85,35,92,33.7,70.9,7.2,122.8,Cotton
88,34,35,18.1,50.4,6.7,204.8,Wheat
79,58,89,30.4,50.2,6.0,64.9,Cotton
87,48,42,19.0,63.6,6.5,244.2,Wheat
21,83,121,24.9,44.3,6.9,64.9,Alfalfa
66,30,34,23.7,69.1,6.5,176.0,Wheat
92,54,34,22.9,54.5,6.8,138.0,Wheat
95,35,112,26.9,55.6,6.6,146.5,Cotton
102,57,44,25.5,75.0,6.5,112.5,Maize
88,49,43,29.6,78.6,6.5,152.3,Maize
103,48,37,24.3,65.4,6.0,163.6,Maize
90,40,31,22.0,76.5,6.6,109.2,Maize
61,48,43,19.2,65.0,7.2,168.8,Wheat
97,33,49,22.0,68.9,6.5,199.3,Wheat
86,39,112,30.4,55.8,6.8,133.9,Cotton
114,44,31,27.2,70.0,6.7,172.0,Maize
126,40,101,25.9,73.8,6.9,123.6,Cotton
73,61,107,32.1,72.9,7.0,120.5,Cotton
81,38,38,16.2,60.7,6.8,162.6,Wheat
138,40,25,24.4,78.9,5.6,165.0,Maize
77,30,48,23.1,57.5,6.3,210.2,Wheat
22,78,117,25.9,47.8,7.7,108.8,Alfalfa
30,75,137,26.1,55.1,6.9,112.2,Alfalfa
107,56,95,29.5,58.0,7.1,147.4,Cotton
72,37,34,15.9,64.6,6.4,202.2,Wheat
113,43,97,34.0,68.8,6.6,114.3,Cotton
125,42,29,26.7,60.9,5.9,142.3,Maize
36,69,124,27.7,41.2,7.0,64.9,Alfalfa
96,62,28,24.8,73.7,6.5,82.0,Maize
36,72,107,25.5,58.8,7.4,96.9,Alfalfa
100,56,36,22.3,66.8,6.4,147.5,Wheat
104,58,40,27.3,76.7,6.0,156.5,Maize
114,49,87,30.3,62.9,6.8,127.4,Cotton
64,42,30,15.5,68.8,6.6,192.2,Wheat
72,63,109,32.7,68.7,6.3,87.6,Cotton
88,39,48,23.8,61.6,6.2,169.3,Wheat
85,45,33,17.6,64.2,6.1,105.0,Wheat
28,63,138,18.3,53.9,7.5,87.6,Alfalfa
23,72,113,22.4,47.0,7.3,53.9,Alfalfa
20,85,101,22.3,64.6,7.2,115.2,Alfalfa
101,56,108,34.3,51.4,6.5,123.7,Cotton
25,67,121,19.4,40.0,7.6,56.1,Alfalfa
132,60,43,26.7,61.6,6.3,96.4,Maize
110,63,43,24.6,72.0,5.7,154.2,Maize
121,40,28,21.6,73.8,5.7,122.5,Maize
101,58,43,17.6,67.6,7.1,129.5,Wheat
30,67,112,21.9,57.8,7.4,93.7,Alfalfa
91,57,92,32.2,62.6,7.0,82.4,Cotton
74,60,114,25.3,58.5,7.2,140.8,Cotton
69,31,35,15.3,67.6,6.0,241.7,Wheat
102,58,38,29.2,60.5,6.3,134.9,Maize
102,38,82,34.3,55.1,6.0,137.0,Cotton
103,52,30,15.4,52.5,7.2,147.3,Wheat
74,39,110,32.2,71.4,6.2,61.9,Cotton
98,46,48,16.0,58.6,6.3,177.4,Wheat
71,35,118,34.1,64.2,6.4,94.3,Cotton
21,94,129,27.3,44.6,7.1,77.5,Alfalfa
101,54,110,27.1,71.9,6.1,101.0,Cotton
81,59,46,19.7,58.2,6.3,209.5,Wheat
16,72,115,18.3,62.8,6.7,95.2,Alfalfa
29,78,136,22.2,50.3,6.8,59.5,Alfalfa
37,90,115,18.1,54.4,7.0,76.2,Alfalfa
79,52,97,34.8,57.4,6.8,129.9,Cotton
23,62,116,23.4,53.6,7.3,77.1,Alfalfa
126,54,85,25.5,61.4,6.7,139.9,Cotton
27,94,115,21.8,63.6,7.1,90.0,Alfalfa
100,56,32,19.4,59.8,7.0,205.9,Wheat
71,44,49,19.1,56.5,6.9,213.8,Wheat
26,60,128,19.3,59.9,7.0,84.5,Alfalfa
38,70,102,22.3,57.0,7.3,103.8,Alfalfa
102,52,35,26.4,62.2,6.1,177.2,Maize
99,62,43,23.1,72.7,5.6,142.9,Maize
102,54,93,32.3,58.1,7.5,63.4,Cotton
78,42,35,23.9,51.0,6.7,197.2,Wheat
108,46,46,24.0,69.4,7.2,218.5,Wheat
16,78,106,18.8,57.3,7.5,107.9,Alfalfa
71,62,86,26.5,51.0,7.3,88.3,Cotton
108,38,108,26.3,50.7,7.0,114.4,Cotton
19,86,129,24.4,44.0,7.7,86.1,Alfalfa
108,54,38,22.6,64.6,6.9,130.1,Wheat
94,56,37,18.1,59.7,6.4,225.8,Wheat
67,58,38,21.9,68.3,6.7,184.0,Wheat
113,42,40,22.6,65.8,6.4,153.5,Maize
121,50,41,29.2,71.4,6.0,155.7,Maize
61,53,31,23.4,59.0,6.8,133.2,Wheat
134,47,26,28.0,65.4,6.4,100.6,Maize
17,91,119,23.9,51.4,7.5,64.9,Alfalfa
77,41,85,25.6,65.3,6.4,131.5,Cotton
80,43,32,17.7,67.1,6.4,246.0,Wheat
60,55,47,23.9,52.0,6.9,220.9,Wheat
17,60,107,25.1,51.0,6.6,99.4,Alfalfa
26,72,127,22.0,48.4,6.8,83.6,Alfalfa
108,57,83,27.6,73.7,6.1,146.9,Cotton
61,56,36,18.3,59.0,6.7,165.3,Wheat
112,65,26,26.9,76.7,5.8,141.0,Maize
24,74,128,27.5,49.0,7.5,101.7,Alfalfa
75,33,45,20.3,58.3,7.0,134.5,Wheat
101,52,40,22.3,71.2,5.7,112.0,Maize
34,69,100,20.5,60.2,7.5,77.0,Alfalfa
18,87,106,27.6,50.7,6.8,93.9,Alfalfa
93,65,40,27.9,60.4,6.1,113.1,Maize
118,48,43,21.7,70.6,5.9,142.9,Maize
21,63,124,21.4,42.7,6.8,108.7,Alfalfa
120,36,88,30.7,64.0,6.6,131.2,Cotton
84,66,28,26.2,73.8,6.0,167.5,Maize
101,58,48,15.4,61.0,6.9,117.2,Wheat
38,84,103,19.0,63.6,7.5,62.7,Alfalfa
113,43,30,24.0,75.7,6.8,92.7,Maize
31,76,129,21.6,41.3,7.4,80.5,Alfalfa
15,63,127,26.0,52.2,6.9,94.7,Alfalfa
80,47,25,27.3,60.8,5.6,80.7,Maize
102,48,39,17.9,53.0,6.3,240.4,Wheat
139,49,30,23.9,66.7,5.8,117.8,Maize
77,58,92,27.9,64.4,5.9,77.2,Cotton
15,77,136,21.8,56.6,6.8,58.9,Alfalfa
39,93,138,19.6,44.4,7.5,51.1,Alfalfa
81,51,99,26.1,67.2,7.5,125.4,Cotton
93,36,42,24.0,57.0,6.7,153.9,Wheat
29,81,105,18.0,47.8,7.2,72.7,Alfalfa
101,55,84,26.0,51.2,5.8,89.5,Cotton
93,36,92,29.5,67.1,6.4,120.1,Cotton
17,82,127,27.8,40.3,7.3,78.9,Alfalfa
127,47,41,29.8,72.3,6.5,88.6,Maize
26,90,118,18.1,56.4,7.0,92.8,Alfalfa
34,73,110,18.7,54.7,7.2,102.0,Alfalfa
38,90,116,22.0,40.7,6.9,118.3,Alfalfa
88,41,85,30.9,71.2,6.6,61.6,Cotton
71,50,39,19.4,65.7,6.1,178.1,Wheat
81,60,114,34.6,67.5,6.2,61.8,Cotton
88,69,39,21.2,71.7,6.5,179.3,Maize
100,53,82,31.2,74.6,6.9,137.4,Cotton
37,62,124,25.5,61.4,7.1,59.2,Alfalfa
103,47,33,24.4,61.3,6.6,92.6,Maize
90,38,119,29.6,68.6,6.9,132.3,Cotton
101,47,33,24.4,59.7,6.6,217.8,Wheat
30,86,115,22.7,64.2,7.5,106.8,Alfalfa
77,41,113,31.5,70.8,5.9,136.7,Cotton
86,46,85,28.5,72.3,6.6,107.5,Cotton
83,54,45,17.3,59.1,6.6,214.5,Wheat
120,67,41,26.2,62.3,5.7,123.7,Maize
136,54,42,25.8,67.8,5.7,102.7,Maize
21,67,117,21.2,54.7,6.6,108.1,Alfalfa
36,87,112,24.0,42.3,7.3,56.3,Alfalfa
33,68,135,23.9,51.2,7.6,117.0,Alfalfa
101,52,42,23.5,57.1,7.0,227.6,Wheat
77,52,41,18.8,59.0,7.2,152.5,Wheat
34,67,115,25.5,49.5,7.1,94.1,Alfalfa
126,45,28,22.7,74.0,5.5,167.2,Maize
70,50,37,17.7,59.9,6.5,128.8,Wheat
96,54,94,27.7,55.2,6.9,97.5,Cotton
103,43,30,20.7,67.2,6.1,217.8,Wheat
29,83,112,27.4,43.5,7.3,76.7,Alfalfa
75,37,42,24.0,55.4,7.0,249.3,Wheat
132,46,39,22.9,60.3,5.8,108.2,Maize
89,47,119,32.2,66.9,6.7,130.4,Cotton
29,88,121,22.9,42.8,7.0,72.2,Alfalfa
26,66,107,23.1,45.8,6.7,106.7,Alfalfa
86,42,108,33.7,57.2,6.4,98.4,Cotton
66,30,38,23.7,61.1,6.7,239.0,Wheat
108,66,30,20.0,71.9,6.7,108.8,Maize
109,40,36,21.9,56.4,6.3,243.4,Wheat
114,59,39,28.5,69.0,6.1,95.7,Maize
86,65,34,20.2,68.9,6.5,148.0,Maize
94,41,94,25.2,63.9,7.1,108.7,Cotton
28,63,119,25.3,56.5,7.6,58.9,Alfalfa
112,42,86,28.4,70.4,7.2,136.1,Cotton
103,45,44,24.6,57.1,6.1,125.1,Wheat
123,55,39,23.6,65.8,5.8,146.4,Maize
78,55,86,25.8,62.2,6.3,78.2,Cotton
85,43,109,27.9,56.7,7.3,66.3,Cotton
35,77,104,20.9,45.4,6.7,71.9,Alfalfa
100,51,96,29.7,71.8,7.1,106.2,Cotton
17,78,127,18.1,50.1,7.7,101.8,Alfalfa
25,60,108,21.7,50.1,6.5,84.8,Alfalfa
102,69,34,28.8,69.8,6.3,88.0,Maize
126,44,99,28.7,58.2,6.5,111.4,Cotton
28,67,137,27.6,42.4,6.5,61.3,Alfalfa
102,57,32,23.5,50.4,6.7,141.6,Wheat
95,41,87,31.9,66.9,6.2,63.1,Cotton
114,48,114,33.1,70.0,6.6,114.6,Cotton
38,72,131,20.8,46.6,7.2,81.4,Alfalfa
107,36,30,22.2,54.3,6.2,161.9,Wheat
113,48,113,28.7,61.2,6.7,78.3,Cotton
79,47,81,29.3,60.3,5.9,104.8,Cotton
83,44,82,32.1,54.4,6.2,133.0,Cotton
95,44,83,30.5,50.9,6.1,105.0,Cotton
31,87,118,19.4,40.2,7.6,62.3,Alfalfa
31,87,118,21.2,42.2,6.8,63.2,Alfalfa
111,42,112,27.6,50.3,6.7,114.5,Cotton
21,67,119,22.2,51.5,7.0,93.9,Alfalfa
136,40,36,25.0,74.9,6.2,86.8,Maize
106,36,113,31.6,60.7,7.3,136.1,Cotton
103,58,34,24.0,66.5,6.8,205.1,Wheat
102,64,91,33.3,65.6,6.9,79.2,Cotton
139,50,37,21.5,76.1,6.2,177.7,Maize
66,43,31,15.8,51.8,6.7,189.9,Wheat
28,74,101,25.3,40.8,7.3,103.2,Alfalfa
62,54,44,22.1,65.0,6.2,216.6,Wheat
96,56,89,27.1,59.6,7.1,97.6,Cotton
29,89,120,26.1,46.3,6.8,91.3,Alfalfa
60,34,42,17.6,60.8,7.1,227.0,Wheat
36,81,111,23.4,57.6,6.9,57.8,Alfalfa
119,53,36,23.5,76.2,5.9,96.4,Maize
78,44,37,15.2,52.3,6.2,117.0,Wheat
84,55,41,25.1,72.6,6.0,112.3,Maize
71,54,97,26.3,61.9,7.1,83.2,Cotton
108,52,87,33.4,60.4,7.1,63.6,Cotton
85,47,86,29.0,71.1,6.4,118.9,Cotton
89,55,115,28.1,61.5,6.2,116.5,Cotton
127,63,32,27.0,62.7,6.0,118.5,Maize
65,53,30,20.8,51.2,6.8,101.2,Wheat
124,46,37,25.8,78.4,5.6,137.3,Maize
115,69,26,20.2,74.6,6.7,145.7,Maize
91,50,39,24.2,59.4,6.0,203.5,Wheat
83,48,87,27.1,51.6,6.8,116.0,Cotton
22,70,113,26.3,45.0,7.1,98.4,Alfalfa
114,52,36,26.7,60.1,6.7,91.3,Maize
29,90,130,20.1,54.6,7.1,52.4,Alfalfa
94,55,36,26.9,74.5,6.4,111.1,Maize
73,64,113,26.7,71.2,6.3,113.9,Cotton
23,67,113,27.4,53.2,6.9,61.1,Alfalfa
138,43,44,23.6,70.6,6.6,148.7,Maize
110,40,105,29.3,54.9,5.8,132.5,Cotton
109,64,110,26.4,74.4,6.8,126.1,Cotton
117,59,110,33.4,66.3,6.7,124.9,Cotton
102,53,30,28.5,67.1,5.6,122.1,Maize
16,65,137,24.1,56.1,6.6,112.5,Alfalfa
102,36,94,34.6,52.9,6.3,132.9,Cotton
81,34,42,17.5,61.5,6.3,223.6,Wheat
103,41,117,28.4,58.1,6.9,136.6,Cotton
121,62,39,25.2,69.0,5.5,135.7,Maize
108,50,38,22.4,61.4,6.1,117.5,Wheat
74,30,49,16.7,63.9,6.8,203.1,Wheat
97,47,88,31.5,65.9,6.7,61.0,Cotton
100,48,111,33.2,64.7,6.2,78.3,Cotton
63,52,45,16.0,69.0,6.9,156.1,Wheat
127,39,94,27.5,67.2,7.2,110.3,Cotton
118,59,99,26.6,53.0,7.1,143.5,Cotton
78,30,30,17.5,51.5,6.1,221.9,Wheat
114,62,34,22.7,77.4,6.1,110.6,Maize
106,64,26,25.6,62.3,6.8,122.6,Maize
131,65,43,28.3,69.1,6.4,90.7,Maize
81,42,41,17.1,52.9,6.4,246.4,Wheat
127,51,33,20.3,67.9,6.2,175.3,Maize
87,49,40,25.5,60.8,5.9,137.6,Maize
77,35,43,17.0,68.4,7.0,216.2,Wheat
85,50,119,29.6,56.3,6.7,62.7,Cotton
93,46,34,16.1,63.2,7.0,207.8,Wheat
92,49,112,27.0,58.4,6.6,89.8,Cotton
106,55,42,16.4,58.0,7.2,133.9,Wheat
83,57,47,16.0,62.0,7.0,118.0,Wheat
129,59,102,30.2,69.3,6.7,74.2,Cotton
24,82,105,21.5,63.3,7.5,80.3,Alfalfa
104,57,47,20.3,60.8,6.6,148.9,Wheat
93,64,98,31.4,63.8,6.2,95.8,Cotton
128,46,37,29.6,77.9,6.4,138.5,Maize
135,62,44,22.5,70.7,6.4,147.9,Maize
125,67,25,28.0,69.5,6.5,116.0,Maize
129,44,84,25.3,54.3,6.9,97.8,Cotton
120,44,26,25.4,70.9,6.1,93.5,Maize
63,42,41,16.3,68.7,6.7,198.9,Wheat
93,38,35,21.4,65.4,6.4,244.0,Wheat
101,46,40,18.5,52.6,6.3,165.8,Wheat
97,64,96,27.7,55.0,6.2,131.8,Cotton
82,50,82,29.3,60.2,6.0,120.9,Cotton
88,69,43,22.3,66.2,6.8,163.2,Maize
105,54,89,33.1,70.9,6.0,126.5,Cotton
117,37,112,29.1,71.9,6.0,138.8,Cotton
82,56,38,25.0,73.7,6.5,138.3,Maize
69,38,30,15.6,58.0,6.0,149.4,Wheat
104,53,85,33.5,53.2,6.0,113.0,Cotton
72,53,33,24.0,68.5,6.5,233.5,Wheat
96,43,104,29.8,53.1,7.4,100.9,Cotton
103,50,32,20.2,62.0,6.1,149.0,Maize
119,47,101,32.0,67.6,6.6,142.3,Cotton
115,39,100,30.3,70.8,6.5,124.5,Cotton
29,89,125,20.4,44.2,7.5,59.1,Alfalfa
29,62,109,24.3,60.3,6.6,70.8,Alfalfa
64,55,43,17.2,63.5,6.9,133.7,Wheat
116,63,33,29.8,72.9,5.9,179.7,Maize
98,38,117,33.3,70.4,7.4,135.7,Cotton
73,33,41,19.7,62.5,7.0,245.4,Wheat
32,92,120,22.4,56.7,7.3,51.2,Alfalfa
30,71,135,18.3,59.8,6.8,73.8,Alfalfa
106,64,111,32.7,62.3,7.3,95.8,Cotton
106,40,111,32.1,59.2,6.7,69.0,Cotton
86,42,106,27.5,65.4,6.6,149.0,Cotton
36,76,115,25.6,45.2,6.9,106.7,Alfalfa
29,92,126,25.2,49.7,6.8,94.3,Alfalfa
65,31,35,19.6,63.5,6.6,226.5,Wheat
72,60,106,32.5,71.6,6.9,137.1,Cotton
80,60,119,33.8,55.0,5.9,130.9,Cotton
128,46,101,33.5,67.2,6.7,134.7,Cotton
100,63,43,28.0,76.2,5.8,141.5,Maize
117,41,119,33.6,52.0,7.1,104.4,Cotton
112,53,106,33.8,57.4,5.8,87.1,Cotton
21,60,106,23.3,61.9,7.7,68.6,Alfalfa
129,46,29,27.2,61.9,6.3,108.6,Maize
106,61,41,21.3,70.5,6.0,98.0,Maize
31,90,109,18.1,42.4,6.9,53.8,Alfalfa
20,71,124,25.0,41.3,6.6,71.4,Alfalfa
98,47,82,32.7,53.5,7.2,60.7,Cotton
76,36,111,29.0,73.7,7.1,85.7,Cotton
117,60,99,33.3,70.6,6.1,123.1,Cotton
36,76,121,25.3,45.7,6.5,100.1,Alfalfa
85,41,38,20.7,79.4,5.5,140.1,Maize
95,52,93,28.2,61.2,6.9,73.2,Cotton
38,69,124,26.3,47.6,7.8,55.3,Alfalfa
100,43,25,24.5,69.2,5.8,151.6,Maize
63,34,42,18.6,59.3,6.8,232.6,Wheat
20,75,104,27.8,62.0,6.9,57.4,Alfalfa
17,83,127,24.1,60.1,7.7,93.7,Alfalfa
105,36,49,16.0,57.3,6.6,106.5,Wheat
104,35,34,20.8,54.2,6.1,169.7,Wheat
106,61,97,34.5,74.5,6.7,145.5,Cotton
21,73,100,20.9,44.0,7.2,87.3,Alfalfa
32,76,116,20.2,46.1,7.3,69.3,Alfalfa
131,49,37,26.1,78.8,6.4,87.5,Maize
82,46,107,26.7,58.9,7.0,146.8,Cotton
114,63,114,27.3,50.5,6.8,120.4,Cotton
98,45,32,15.7,54.2,6.3,218.0,Wheat
97,67,29,21.5,60.7,6.1,175.4,Maize
15,62,126,25.3,55.9,7.3,107.9,Alfalfa
99,69,34,27.0,71.7,6.6,87.2,Maize
26,80,129,21.8,48.5,7.3,112.4,Alfalfa
70,61,94,29.0,52.6,5.9,64.6,Cotton
123,56,97,26.6,56.3,6.1,145.8,Cotton
75,37,100,26.5,60.5,5.9,106.0,Cotton
91,58,119,31.6,61.1,6.2,125.4,Cotton
124,62,38,29.1,61.3,5.6,98.7,Maize
78,38,118,32.9,55.7,6.6,92.2,Cotton
32,63,138,25.4,57.5,6.8,113.2,Alfalfa
15,93,116,25.1,47.3,6.7,114.5,Alfalfa
90,64,92,28.9,64.1,7.2,98.4,Cotton
63,42,37,16.6,63.9,6.1,199.7,Wheat
24,62,104,27.4,40.5,7.1,51.5,Alfalfa
93,51,119,28.2,53.3,6.4,120.5,Cotton
104,51,108,30.9,55.0,6.3,74.6,Cotton
127,49,39,25.2,71.3,6.7,99.6,Maize
82,41,30,25.6,65.1,5.8,83.9,Maize
128,53,34,20.5,64.4,6.4,158.3,Maize
20,78,112,24.5,50.6,7.1,59.9,Alfalfa
99,61,86,29.8,58.1,7.0,66.7,Cotton
99,67,37,29.6,69.2,6.0,105.6,Maize
85,53,46,16.1,63.2,6.4,215.1,Wheat
82,58,32,25.2,62.3,6.0,100.7,Maize
35,70,126,21.5,44.3,6.5,81.6,Alfalfa
103,68,38,21.9,77.2,5.8,102.6,Maize
109,34,35,17.2,55.4,6.2,207.8,Wheat
124,68,34,27.1,74.7,5.7,176.6,Maize
109,59,105,26.9,53.1,6.0,127.3,Cotton
106,40,98,31.0,67.2,5.8,88.1,Cotton
87,45,28,24.6,70.4,6.6,145.9,Maize
123,48,92,34.3,71.0,6.9,90.7,Cotton
123,42,28,29.9,65.0,5.6,87.0,Maize
